order_id,order_datetime,items_count,distance_km,is_express_delivery,vehicle_type,base_speed_kmh,restaurant_city,is_fast_food,prep_time_avg,temperature,precip_mm,wind_speed,traffic_level
98014,2025-03-17 10:49:00,3,2.28,0,car,55.0,SPB,0,23,24.8,2.23,6.5,3.0
98015,2024-03-26 07:47:00,5,7.2,0,car,55.0,Kazan,1,10,25.0,2.94,1.7,2.0
98016,2024-05-03 07:31:00,3,4.4,0,car,55.0,SPB,0,23,23.4,0.9,1.7,3.0
98017,2024-09-02 13:30:00,3,2.47,1,bike,35.5218365044405,Moscow,1,6,-20.5,0.96,15.2,4.0
98018,2025-02-19 02:26:00,2,10.28,0,car,55.0,Moscow,0,29,21.2,0.46,23.6,4.0
98019,2024-03-22 18:59:00,5,10.81,0,car,55.0,Moscow,1,6,29.0,1.82,5.1,4.0
98020,2024-04-14 07:03:00,3,5.64,0,scooter,55.0,Moscow,0,17,33.6,10.69,17.5,
98021,2024-04-03 06:02:00,2,1.36,0,car,55.0,SPB,1,12,39.2,1.7,8.0,3.0
98022,2024-02-23 22:41:00,2,0.87,0,car,55.0,Kazan,0,19,15.6,4.26,2.1,2.0
98023,2025-03-24 14:56:00,2,4.87,0,scooter,48.34342395184287,Moscow,0,30,23.9,3.43,5.8,5.0
98024,2024-08-03 23:42:00,4,7.44,0,bike,38.3374319784028,Moscow,0,19,-7.5,8.31,19.6,3.0
98025,2024-03-12 15:04:00,2,7.85,0,bike,40.58851705937706,Moscow,0,17,30.4,1.5,5.8,4.0
98026,2025-02-05 18:24:00,2,13.33,1,car,55.0,SPB,0,17,12.6,11.5,12.6,3.0
98027,2025-04-17 17:23:00,6,2.35,0,car,51.43065228264467,Moscow,1,5,37.4,5.32,10.8,
98028,2024-07-06 05:57:00,4,5.89,0,bike,36.847051198698445,SPB,1,13,11.2,0.19,18.3,2.0
98029,2024-09-08 03:59:00,6,2.96,0,bike,35.577876365522755,SPB,0,15,-20.1,5.72,7.1,2.0
98030,2024-07-04 23:19:00,6,1.76,0,car,55.0,SPB,0,35,6.5,0.9,5.5,4.0
98031,2024-09-28 00:44:00,2,1.23,0,car,55.0,Moscow,0,32,-23.2,0.12,11.5,3.0
98032,2024-06-09 04:11:00,2,1.64,1,car,55.0,SPB,0,36,14.1,,15.9,3.0
98033,2024-12-05 05:05:00,2,4.8,0,car,55.0,Moscow,1,12,-13.7,5.55,19.4,5.0
98034,2025-06-13 15:03:00,3,5.87,0,car,55.0,Moscow,0,39,10.3,9.93,12.7,5.0
98035,2024-08-07 02:15:00,4,2.09,0,car,55.0,Kazan,0,21,-4.4,1.63,13.7,2.0
98036,2024-10-16 01:02:00,2,2.9,0,car,55.0,SPB,1,8,-18.8,5.91,14.2,4.0
98037,2024-05-19 10:27:00,2,2.85,0,bike,36.24682112531779,SPB,1,11,27.2,7.89,12.0,2.0
98038,2024-05-05 11:17:00,3,7.55,0,car,55.0,Moscow,1,6,32.7,2.55,10.5,3.0
98039,2025-02-13 06:08:00,3,2.53,0,scooter,36.42755350070934,SPB,1,7,13.3,14.19,0.8,
98040,2025-01-23 05:27:00,8,1.21,0,scooter,55.0,Moscow,1,7,6.7,7.8,7.9,4.0
98041,2025-01-17 11:07:00,3,3.02,0,car,55.0,Kazan,1,13,-2.5,3.71,2.6,2.0
98042,2024-12-26 03:35:00,5,2.1,0,scooter,55.0,Moscow,1,14,-10.4,2.63,23.6,5.0
98043,2024-03-14 00:16:00,2,2.99,0,car,55.0,SPB,1,12,20.3,2.15,13.1,3.0
98044,2024-05-17 17:26:00,2,5.48,1,car,55.0,Moscow,1,6,29.4,3.17,0.0,4.0
98045,2024-11-12 11:47:00,5,1.13,0,car,55.0,Moscow,0,32,-11.1,13.58,9.5,4.0
98046,2024-08-13 02:33:00,4,2.48,0,bike,38.56610576982384,Kazan,1,12,-10.4,1.81,15.8,2.0
98047,2024-08-26 19:40:00,3,0.49,0,car,55.0,Moscow,1,5,-16.1,2.74,19.3,5.0
98048,2025-06-01 17:31:00,3,6.1,0,scooter,44.02191382946829,Kazan,0,22,23.3,4.35,1.7,1.0
98049,2024-07-15 15:37:00,2,4.37,0,scooter,43.16043291364058,Moscow,0,30,12.8,,3.1,4.0
98050,2024-04-30 19:24:00,4,1.02,0,car,55.0,Moscow,0,17,27.8,1.31,1.9,4.0
98051,2024-02-20 16:41:00,2,1.73,1,car,55.0,Moscow,0,17,21.6,0.19,16.3,4.0
98052,2025-05-29 13:31:00,6,2.51,0,scooter,48.67284070467812,Kazan,0,39,20.7,1.93,5.0,3.0
98053,2025-02-28 00:25:00,5,3.44,0,car,55.0,Moscow,1,10,28.4,0.34,1.8,4.0
98054,2024-09-28 11:19:00,2,1.24,0,car,55.0,Kazan,0,24,-23.9,3.99,3.8,1.0
98055,2024-12-07 16:32:00,5,5.47,0,car,55.0,Kazan,1,5,-17.2,4.57,15.3,1.0
98056,2024-10-24 14:57:00,3,1.16,0,car,55.0,SPB,0,17,-24.0,1.12,0.0,4.0
98057,2025-03-13 03:51:00,1,5.5,0,bike,41.97329297929299,Moscow,1,6,31.1,1.63,7.1,4.0
98058,2024-03-26 21:02:00,3,2.83,0,bike,33.0915722275002,Moscow,0,28,27.1,2.66,1.4,5.0
98059,2024-06-14 21:37:00,7,1.75,0,car,55.0,Moscow,0,38,11.3,2.24,3.0,4.0
98060,2025-05-03 23:32:00,4,3.35,0,car,55.0,SPB,0,36,22.6,6.98,0.7,2.0
98061,2024-11-06 23:13:00,7,7.78,0,car,55.0,Moscow,0,21,-12.5,0.12,10.3,4.0
98062,2024-12-26 11:11:00,2,11.49,0,bike,35.086380143438284,SPB,1,10,0.3,5.56,15.5,4.0
98063,2024-11-02 16:30:00,2,0.58,0,car,55.0,Moscow,1,9,-23.8,3.36,13.1,4.0
98064,2025-01-31 10:32:00,2,5.75,0,bike,41.219692330682875,Kazan,1,5,-0.4,4.69,9.5,2.0
98065,2024-04-03 13:25:00,5,2.64,0,car,55.0,Moscow,1,10,28.9,4.66,16.3,4.0
98066,2024-10-04 13:10:00,2,1.7,0,car,55.0,Moscow,1,11,-15.7,4.9,2.9,4.0
98067,2024-03-13 20:15:00,3,0.69,0,car,55.0,SPB,0,37,26.3,1.04,9.8,4.0
98068,2024-01-31 04:59:00,1,2.81,0,car,55.0,Moscow,1,11,9.3,20.23,12.2,5.0
98069,2025-03-24 18:13:00,3,13.56,0,car,48.016477908776224,Moscow,0,35,23.9,3.43,5.8,5.0
98070,2024-10-28 17:20:00,2,2.93,0,bike,37.45176782140707,Kazan,0,18,-18.4,3.64,1.9,2.0
98071,2025-06-24 03:10:00,3,2.48,0,bike,40.804334648574,SPB,1,10,8.7,3.38,17.8,3.0
98072,2024-06-01 19:11:00,1,2.9,0,car,55.0,Kazan,0,33,19.3,,3.8,2.0
98073,2024-01-07 22:00:00,3,7.86,0,car,55.0,Kazan,1,8,-0.6,2.25,14.0,1.0
98074,2024-10-11 06:54:00,1,6.02,0,car,55.0,Moscow,1,5,-23.9,0.65,16.4,4.0
98075,2024-05-09 01:02:00,3,4.97,0,car,55.0,Kazan,1,12,22.5,3.17,4.7,2.0
98076,2025-03-16 12:12:00,2,1.54,0,car,55.0,Moscow,1,10,24.1,3.52,18.2,3.0
98077,2025-04-23 16:45:00,3,3.88,0,car,55.0,SPB,0,24,16.9,0.22,7.9,4.0
98078,2025-04-20 04:41:00,2,2.77,0,scooter,41.41642418784267,SPB,1,9,28.9,4.45,7.3,2.0
98079,2025-03-24 18:38:00,5,2.72,0,scooter,54.20006938556093,Moscow,0,28,23.9,3.43,5.8,5.0
98080,2025-06-28 05:49:00,7,0.56,0,scooter,53.6365997086488,SPB,1,7,13.7,2.58,15.2,3.0
98081,2024-10-25 23:29:00,2,1.13,0,scooter,45.651242794209146,Moscow,0,17,-15.2,0.31,0.6,4.0
98082,2025-06-20 10:27:00,4,5.95,0,car,55.0,Moscow,0,16,17.9,1.58,0.7,5.0
98083,2025-06-08 13:27:00,5,5.82,0,car,55.0,Moscow,1,8,28.1,1.93,13.4,4.0
98084,2025-06-07 04:49:00,4,3.55,1,scooter,39.047551890965785,SPB,0,23,11.0,,5.2,2.0
98085,2025-04-19 18:40:00,5,6.79,0,scooter,55.0,Moscow,1,13,34.5,2.27,12.8,3.0
98086,2024-05-11 17:40:00,1,2.7,0,car,55.0,Kazan,1,11,26.1,5.39,11.2,1.0
98087,2025-04-14 15:01:00,5,3.46,0,car,55.0,SPB,1,12,24.6,6.45,10.1,3.0
98088,2024-11-28 11:44:00,3,2.77,0,scooter,55.0,SPB,0,22,,1.59,2.6,3.0
98089,2025-02-17 15:13:00,1,2.43,0,car,55.0,Moscow,1,9,21.0,1.94,22.7,4.0
98090,2024-08-24 22:47:00,8,0.42,0,car,55.0,SPB,1,9,-12.7,2.98,9.6,2.0
98091,2024-08-02 16:03:00,1,4.15,0,car,55.0,SPB,1,13,-9.9,14.15,4.9,3.0
98092,2025-03-10 04:47:00,2,1.03,0,bike,37.26218109219517,Moscow,0,31,21.3,1.23,9.1,4.0
98093,2024-10-10 19:05:00,1,2.53,0,bike,33.782298784964645,Moscow,1,12,-21.9,0.04,15.2,5.0
98094,2025-01-31 12:23:00,2,7.01,0,bike,33.782298784964645,Kazan,1,8,-0.4,4.69,9.5,2.0
98095,2025-01-09 04:58:00,5,4.78,0,scooter,45.651242794209146,SPB,0,20,3.2,1.34,16.8,3.0
98096,2024-01-17 04:13:00,3,10.11,0,bike,42.25170720017491,Moscow,1,13,2.8,4.21,15.7,4.0
98097,2024-06-12 14:45:00,2,3.71,0,car,55.0,SPB,0,15,18.4,7.04,9.7,3.0
98098,2024-05-18 07:19:00,3,11.93,0,car,55.0,SPB,1,7,22.6,7.93,8.2,2.0
98099,2025-03-06 03:42:00,8,3.66,0,car,51.43065228264467,Moscow,1,11,24.6,1.39,12.9,4.0
98100,2025-05-02 08:49:00,3,5.46,1,car,55.0,Kazan,1,13,28.1,2.73,12.9,2.0
98101,2024-05-08 07:35:00,6,5.07,0,scooter,49.49166115263669,Moscow,1,13,32.3,1.01,6.2,4.0
98102,2025-02-04 01:12:00,2,1.17,0,bike,33.93675198010838,SPB,0,23,8.2,9.63,17.6,4.0
98103,2024-04-23 10:14:00,2,0.77,0,scooter,55.0,Moscow,1,9,35.7,5.92,10.5,5.0
98104,2024-06-24 15:18:00,5,9.15,0,bike,40.807844015374776,Moscow,1,11,16.3,0.1,9.6,5.0
98105,2024-10-24 08:49:00,4,5.97,0,car,55.0,Moscow,1,8,-17.5,9.14,17.4,5.0
98106,2025-02-04 10:33:00,3,12.32,0,car,55.0,Moscow,0,25,16.0,3.47,17.3,4.0
98107,2024-04-04 15:45:00,4,2.81,0,bike,39.430915777080756,SPB,1,12,22.5,8.8,0.6,3.0
98108,2025-02-07 06:42:00,4,4.35,0,car,48.016477908776224,Kazan,0,31,10.6,6.93,4.5,3.0
98109,2024-12-06 06:44:00,1,1.38,0,car,55.0,Kazan,0,34,-7.1,6.03,1.8,2.0
98110,2024-10-09 13:48:00,3,4.75,0,car,55.0,Moscow,1,12,-10.4,9.71,7.0,5.0
98111,2025-06-01 14:29:00,1,0.65,0,scooter,55.0,SPB,0,31,24.0,9.84,17.0,2.0
98112,2025-06-09 07:55:00,2,8.27,0,bike,36.24682112531779,Moscow,1,12,18.0,1.3,13.1,5.0
98113,2024-10-05 18:23:00,3,0.73,0,bike,38.07269195618679,Moscow,0,25,-15.3,0.44,0.2,4.0
98114,2024-02-17 06:07:00,5,5.94,0,scooter,50.84117784067927,Moscow,0,34,26.6,6.84,13.7,3.0
98115,2024-06-15 06:58:00,4,4.65,0,car,55.0,SPB,0,20,20.6,0.34,9.9,2.0
98116,2024-01-12 20:26:00,4,3.5,0,car,55.0,Moscow,0,21,1.2,0.37,4.2,5.0
98117,2024-02-01 15:51:00,3,0.49,0,car,55.0,SPB,0,16,14.2,3.04,18.9,3.0
98118,2025-04-26 01:39:00,3,3.17,0,car,55.0,Kazan,1,8,19.7,0.09,0.7,1.0
98119,2025-02-16 03:06:00,6,3.86,0,car,55.0,Moscow,1,11,15.1,3.53,6.9,3.0
98120,2024-09-09 02:11:00,3,4.17,0,bike,30.997625676503116,SPB,0,21,-16.6,4.42,18.9,3.0
98121,2024-10-30 04:05:00,1,5.17,0,scooter,53.6365997086488,Kazan,0,29,-23.4,2.49,0.2,2.0
98122,2024-08-04 10:24:00,2,2.03,0,car,55.0,Moscow,1,9,-3.5,1.3,13.0,4.0
98123,2025-01-19 16:37:00,3,5.46,0,scooter,41.41642418784267,Kazan,0,20,7.3,2.96,20.0,1.0
98124,2024-01-13 17:48:00,2,1.29,0,car,55.0,Moscow,1,11,4.3,2.78,15.9,4.0
98125,2024-06-08 22:11:00,2,1.32,0,bike,35.96575629651888,Moscow,1,10,17.4,19.25,8.4,4.0
98126,2024-04-04 12:42:00,1,1.25,0,car,55.0,Moscow,1,8,25.9,10.79,3.1,4.0
98127,2024-03-12 13:46:00,6,1.34,0,bike,40.75594245927035,Moscow,0,29,30.4,1.5,5.8,4.0
98128,2024-03-21 20:21:00,6,3.0,0,car,55.0,Moscow,1,6,28.5,0.14,13.0,4.0
98129,2025-03-27 09:37:00,4,2.05,0,car,55.0,Moscow,0,18,25.5,3.79,18.4,4.0
98130,2024-11-12 17:51:00,2,4.52,0,car,55.0,Kazan,0,25,-23.1,3.4,7.8,2.0
98131,2024-02-06 13:26:00,2,4.83,0,car,55.0,Moscow,0,26,13.9,3.52,21.1,4.0
98132,2025-01-01 07:58:00,2,9.12,0,car,55.0,Moscow,0,18,-4.6,10.43,1.0,4.0
98133,2024-08-24 01:00:00,3,4.01,0,bike,40.61012440281896,Kazan,0,32,-9.1,1.04,16.5,1.0
98134,2024-07-23 19:07:00,4,3.0,0,bike,36.88875564924949,Moscow,0,31,6.9,8.45,0.4,4.0
98135,2024-08-19 03:21:00,2,2.29,0,bike,36.862403291529105,Kazan,0,31,-12.1,1.79,19.8,2.0
98136,2025-02-18 07:39:00,1,0.91,0,car,55.0,SPB,0,16,21.2,8.61,1.1,3.0
98137,2024-04-18 15:47:00,3,2.0,0,scooter,39.091298449230436,Kazan,1,8,27.1,4.59,12.4,2.0
98138,2025-05-18 08:37:00,4,3.81,0,car,55.0,Moscow,0,38,25.1,0.34,13.1,3.0
98139,2024-01-08 06:51:00,2,1.73,0,bike,43.31751317140163,Kazan,1,12,-0.4,1.22,16.5,2.0
98140,2024-04-27 12:20:00,3,9.34,0,bike,30.997625676503116,Moscow,0,27,25.7,7.54,1.8,3.0
98141,2024-10-11 22:02:00,3,2.89,0,car,55.0,SPB,0,21,-19.7,8.04,4.4,3.0
98142,2024-02-06 04:25:00,1,3.44,0,bike,40.879308302895126,SPB,0,25,13.0,4.19,21.5,3.0
98143,2024-09-28 21:04:00,4,1.31,0,scooter,54.20006938556093,Moscow,0,38,-23.2,0.12,11.5,3.0
98144,2024-01-10 07:03:00,3,6.01,0,bike,34.88035136798393,SPB,0,20,-2.2,8.37,8.2,4.0
98145,2025-05-27 22:04:00,3,3.97,0,bike,30.58051523310684,SPB,1,11,22.3,2.32,8.5,3.0
98146,2025-06-29 06:54:00,4,8.36,0,bike,40.32854369446495,Kazan,0,34,16.8,0.57,5.4,1.0
98147,2025-01-31 22:15:00,2,6.33,0,bike,33.93675198010838,Moscow,1,12,11.9,1.45,17.2,4.0
98148,2025-06-20 13:27:00,3,1.14,0,car,55.0,Moscow,0,19,17.9,1.58,0.7,5.0
98149,2025-02-01 08:52:00,2,1.33,0,car,55.0,Moscow,0,36,13.8,13.08,1.5,3.0
98150,2024-01-22 01:37:00,2,5.71,0,car,55.0,Moscow,0,34,-0.5,3.96,16.3,5.0
98151,2024-05-06 07:35:00,2,3.09,0,car,55.0,SPB,1,7,28.2,0.25,4.1,3.0
98152,2024-09-20 06:48:00,2,1.67,0,bike,35.577876365522755,Moscow,0,30,-21.6,0.6,7.3,4.0
98153,2024-06-14 21:46:00,3,1.22,0,bike,38.62838052170366,SPB,1,5,9.9,4.58,7.5,4.0
98154,2024-10-17 11:57:00,5,6.86,0,car,55.0,SPB,0,31,-17.7,7.89,12.3,3.0
98155,2025-05-01 04:18:00,3,3.93,0,scooter,44.79372201513367,Kazan,0,34,25.8,16.34,19.8,3.0
98156,2024-01-22 02:43:00,3,6.22,1,car,55.0,SPB,1,13,2.0,7.16,2.3,4.0
98157,2024-12-18 19:19:00,2,2.43,0,bike,35.716101269659816,SPB,0,36,-6.5,15.15,6.7,3.0
98158,2025-06-16 22:03:00,5,2.28,1,car,55.0,SPB,1,9,13.8,0.71,18.0,3.0
98159,2025-02-23 09:01:00,5,9.34,1,car,55.0,Kazan,1,14,23.6,6.09,15.4,2.0
98160,2025-01-13 03:55:00,1,3.67,0,scooter,48.67284070467812,SPB,0,31,1.7,16.88,6.5,3.0
98161,2024-06-14 01:30:00,2,2.19,0,scooter,53.88993581645081,Kazan,1,5,9.0,0.1,13.0,2.0
98162,2024-07-01 14:51:00,1,2.94,0,scooter,50.502841360509194,SPB,0,21,7.4,6.25,11.7,3.0
98163,2024-05-30 10:12:00,1,2.82,0,bike,41.219692330682875,Kazan,1,11,12.4,5.15,20.0,2.0
98164,2024-05-16 09:54:00,3,6.95,0,bike,37.26218109219517,SPB,0,22,25.0,,13.5,3.0
98165,2024-08-03 19:30:00,2,3.35,0,car,55.0,Moscow,0,19,-7.5,8.31,19.6,3.0
98166,2025-01-28 22:10:00,3,3.21,1,scooter,55.0,Moscow,1,5,11.0,10.67,14.9,4.0
98167,2025-06-11 06:11:00,2,2.44,1,car,55.0,Kazan,1,5,15.5,1.86,7.7,3.0
98168,2025-04-13 15:08:00,1,0.73,0,car,55.0,Moscow,1,7,29.9,3.33,9.0,3.0
98169,2024-07-19 12:01:00,2,2.51,0,car,55.0,Moscow,0,30,-3.9,9.73,9.3,
98170,2024-11-12 12:16:00,2,5.74,0,scooter,44.150599250049076,Moscow,1,12,-11.1,13.58,9.5,4.0
98171,2024-07-11 12:44:00,4,2.26,0,car,55.0,Moscow,0,18,0.4,14.06,6.5,4.0
98172,2025-06-08 07:45:00,4,2.16,0,scooter,50.22988603518088,Moscow,0,16,28.1,1.93,13.4,4.0
98173,2024-11-22 02:09:00,4,1.64,0,car,55.0,Moscow,0,36,-6.7,1.37,7.5,4.0
98174,2025-04-04 00:22:00,3,18.94,0,car,55.0,Kazan,0,18,19.4,3.12,13.9,2.0
98175,2024-12-15 21:30:00,2,4.29,0,scooter,46.760053354253095,Kazan,0,32,-4.6,12.43,18.8,1.0
98176,2025-02-05 21:53:00,1,4.02,0,car,55.0,Moscow,1,12,12.4,20.28,7.0,4.0
98177,2024-10-12 00:53:00,3,2.15,0,car,55.0,SPB,1,5,-22.2,2.7,12.9,2.0
98178,2024-11-12 09:12:00,2,3.94,0,scooter,39.047551890965785,Kazan,1,12,-23.1,3.4,7.8,2.0
98179,2024-08-30 13:04:00,3,8.24,0,bike,37.21804023678132,SPB,0,20,-8.5,10.65,0.0,4.0
98180,2024-06-07 22:18:00,3,2.81,0,car,55.0,Moscow,0,35,25.9,6.83,5.3,5.0
98181,2025-04-13 04:58:00,3,3.18,1,car,55.0,Moscow,0,34,29.9,3.33,9.0,3.0
98182,2024-10-12 13:28:00,2,0.32,0,car,55.0,Kazan,0,37,-24.2,4.13,7.4,2.0
98183,2025-03-31 22:10:00,2,5.63,0,scooter,46.0651894724839,Moscow,1,13,33.0,2.85,9.1,4.0
98184,2025-05-10 22:49:00,3,3.83,0,car,55.0,Kazan,0,24,26.7,2.96,6.7,1.0
98185,2025-04-28 07:34:00,1,0.36,0,car,55.0,SPB,1,14,31.6,3.03,15.0,3.0
98186,2024-03-05 09:10:00,3,1.91,0,car,55.0,Moscow,0,37,22.0,4.97,11.1,5.0
98187,2025-03-31 11:04:00,2,4.63,0,car,55.0,SPB,0,23,31.5,1.63,0.2,3.0
98188,2024-07-18 09:40:00,4,6.72,0,bike,37.632500976867355,Moscow,0,39,5.5,,15.9,5.0
98189,2025-06-13 12:03:00,4,1.58,0,bike,41.219692330682875,Moscow,0,28,10.3,9.93,12.7,5.0
98190,2024-07-31 20:28:00,2,6.35,0,car,55.0,SPB,0,28,-4.2,7.31,14.6,3.0
98191,2025-02-10 08:40:00,3,0.33,0,car,55.0,Moscow,0,39,18.7,2.66,21.3,4.0
98192,2024-07-09 20:49:00,2,1.94,0,scooter,50.19968924951003,SPB,0,17,9.9,9.58,5.4,4.0
98193,2025-04-15 20:05:00,4,9.99,0,scooter,43.02736698811714,Kazan,1,8,29.0,1.35,8.5,3.0
98194,2024-06-13 13:39:00,2,5.99,0,bike,36.82146628990283,Kazan,0,20,15.6,0.33,9.8,2.0
98195,2024-05-11 12:05:00,2,2.91,0,car,55.0,Kazan,0,29,26.1,5.39,11.2,1.0
98196,2024-03-14 13:41:00,5,1.15,0,car,55.0,Moscow,0,27,19.7,0.82,4.0,5.0
98197,2025-05-03 03:17:00,2,3.3,0,bike,40.142580832377945,Moscow,0,38,32.1,3.71,17.3,3.0
98198,2024-07-18 04:27:00,1,1.39,1,car,55.0,Moscow,1,11,5.5,,15.9,5.0
98199,2024-08-10 03:50:00,3,0.81,0,scooter,46.760053354253095,Moscow,1,13,1.2,2.38,19.1,4.0
98200,2025-05-27 11:01:00,4,9.81,0,scooter,46.0651894724839,Moscow,0,27,29.9,2.03,1.2,5.0
98201,2024-04-26 22:15:00,1,1.22,0,car,55.0,Kazan,0,18,27.0,5.28,10.8,2.0
98202,2025-04-26 15:36:00,4,1.43,0,car,55.0,Moscow,1,8,23.3,1.08,0.7,3.0
98203,2024-11-05 20:37:00,5,2.5,0,scooter,46.44984473997541,Moscow,1,11,-14.2,0.06,2.3,5.0
98204,2025-01-13 05:56:00,4,3.97,0,car,55.0,SPB,1,5,1.7,16.88,6.5,3.0
98205,2024-02-08 11:41:00,2,0.86,0,car,55.0,Kazan,1,12,11.4,1.05,8.3,2.0
98206,2024-10-15 12:37:00,6,2.59,0,car,55.0,SPB,0,36,-14.8,9.4,7.8,3.0
98207,2024-01-17 08:36:00,4,0.94,0,car,55.0,SPB,0,31,-4.4,2.66,8.8,3.0
98208,2024-01-16 09:21:00,4,1.25,0,car,55.0,SPB,1,10,5.7,2.37,0.4,3.0
98209,2024-12-02 11:06:00,1,6.71,0,car,55.0,SPB,0,25,-9.0,0.18,9.5,3.0
98210,2025-02-02 00:59:00,1,4.23,0,bike,38.301186923671516,SPB,0,16,2.4,,17.7,2.0
98211,2025-03-18 04:03:00,2,0.84,0,bike,35.23265629823605,SPB,0,21,21.2,4.31,11.7,3.0
98212,2024-12-28 23:06:00,2,2.85,1,scooter,45.13982204557147,Moscow,1,7,2.9,2.83,4.0,3.0
98213,2025-04-11 17:07:00,2,5.56,0,car,55.0,SPB,0,22,26.3,13.69,14.2,3.0
98214,2024-07-03 19:37:00,3,2.87,0,car,55.0,Moscow,1,12,3.0,5.22,14.2,4.0
98215,2024-09-28 06:22:00,4,3.3,1,car,55.0,Kazan,1,12,-23.9,3.99,3.8,1.0
98216,2024-12-20 04:48:00,4,6.81,0,car,55.0,SPB,0,20,-1.2,0.92,11.3,4.0
98217,2024-09-27 04:28:00,8,4.1,0,car,55.0,Moscow,0,38,-22.4,1.37,6.9,4.0
98218,2024-12-17 11:48:00,4,1.73,1,bike,36.24682112531779,SPB,0,37,-6.3,6.58,17.3,3.0
98219,2025-01-25 23:01:00,1,0.26,0,car,55.0,SPB,0,23,10.3,2.32,1.4,3.0
98220,2024-10-25 19:31:00,3,1.56,0,bike,31.260861704088715,Moscow,1,9,-15.2,0.31,0.6,4.0
98221,2024-07-12 17:24:00,3,1.85,0,car,55.0,Kazan,0,29,3.7,0.19,4.4,3.0
98222,2025-01-11 04:40:00,4,6.39,0,car,55.0,Moscow,1,7,-4.1,3.57,3.9,4.0
98223,2024-07-22 11:21:00,3,4.36,0,scooter,45.651242794209146,Kazan,0,24,-2.6,1.19,13.2,2.0
98224,2025-02-28 19:43:00,3,1.52,0,car,55.0,Moscow,0,27,28.4,0.34,1.8,4.0
98225,2024-09-24 00:20:00,3,2.0,1,bike,42.8376824131858,Moscow,0,16,-17.1,1.06,18.7,4.0
98226,2024-01-19 12:28:00,2,1.96,0,car,55.0,Kazan,1,7,-1.9,2.95,21.6,2.0
98227,2024-01-11 12:16:00,5,2.48,0,car,55.0,Moscow,0,16,6.2,1.27,1.0,4.0
98228,2024-10-10 06:49:00,4,3.85,0,car,55.0,SPB,0,20,-17.0,0.98,1.4,3.0
98229,2024-11-19 00:33:00,4,4.66,0,bike,30.567021598673445,SPB,1,5,-19.2,1.24,14.3,4.0
98230,2024-09-16 16:51:00,3,2.93,0,bike,43.09047812324671,SPB,0,15,-18.7,4.42,9.0,3.0
98231,2024-03-01 00:07:00,2,3.26,0,car,55.0,Moscow,0,34,24.7,0.0,2.9,4.0
98232,2024-01-13 07:20:00,4,2.38,0,car,55.0,Moscow,1,11,4.3,2.78,15.9,4.0
98233,2024-04-08 02:09:00,3,1.22,0,scooter,48.78408734662869,Moscow,0,27,27.9,4.96,15.3,4.0
98234,2024-11-17 22:45:00,3,5.9,0,car,55.0,Moscow,1,9,-19.1,34.3,21.1,3.0
98235,2025-05-24 22:32:00,5,3.47,0,car,55.0,Moscow,1,11,24.3,6.26,7.9,3.0
98236,2024-03-29 15:32:00,2,5.94,0,car,55.0,SPB,0,28,33.8,3.41,12.5,3.0
98237,2024-08-24 06:57:00,3,5.08,0,car,55.0,Moscow,0,16,-11.5,4.57,14.6,4.0
98238,2024-06-10 15:40:00,3,6.19,0,car,55.0,Moscow,1,12,20.0,2.04,9.3,4.0
98239,2024-02-09 10:31:00,3,6.12,0,car,55.0,Moscow,1,9,21.2,1.88,20.0,4.0
98240,2025-06-22 03:20:00,3,5.63,0,bike,43.31751317140163,Moscow,1,13,15.7,11.71,18.1,4.0
98241,2024-11-25 11:23:00,6,2.18,0,bike,40.89902689179051,Moscow,1,12,-12.3,6.94,13.4,4.0
98242,2024-09-22 07:02:00,3,3.67,1,bike,37.32002871481163,Moscow,1,9,-23.0,0.04,17.2,3.0
98243,2024-10-02 20:22:00,3,4.1,0,car,55.0,Kazan,1,5,-23.4,0.62,13.3,2.0
98244,2024-10-14 23:28:00,1,1.58,0,bike,33.19299505524494,SPB,0,16,-23.5,0.23,6.3,4.0
98245,2024-12-26 14:01:00,3,6.01,0,scooter,53.90710727799128,Moscow,0,30,-10.4,2.63,23.6,5.0
98246,2024-12-21 18:12:00,2,2.28,0,car,55.0,Moscow,0,27,-1.8,2.61,22.6,3.0
98247,2024-05-19 05:28:00,2,3.9,0,car,55.0,SPB,0,39,27.2,7.89,12.0,2.0
98248,2024-02-27 01:16:00,8,1.27,0,car,55.0,Moscow,1,9,20.5,3.54,11.4,4.0
98249,2024-09-14 17:24:00,2,4.06,0,scooter,54.69739406908258,Moscow,0,21,-22.5,0.62,18.8,4.0
98250,2025-03-12 20:21:00,1,5.93,0,car,55.0,SPB,0,16,18.6,2.19,9.0,4.0
98251,2025-06-13 05:57:00,3,4.18,0,car,55.0,Moscow,0,19,10.3,9.93,12.7,5.0
98252,2024-06-29 22:24:00,3,1.74,0,scooter,45.651242794209146,Moscow,0,34,9.2,0.67,15.3,4.0
98253,2024-10-26 11:23:00,1,1.37,0,car,55.0,Moscow,1,6,-16.2,9.23,0.1,3.0
98254,2024-03-15 19:47:00,4,0.54,0,car,55.0,Moscow,1,12,23.4,6.98,15.5,5.0
98255,2024-12-07 15:07:00,3,5.22,0,car,55.0,Kazan,0,34,-17.2,4.57,15.3,1.0
98256,2024-07-20 17:38:00,2,3.7,0,car,55.0,Moscow,1,11,2.5,0.56,9.5,3.0
98257,2024-06-21 20:55:00,2,2.89,0,car,55.0,SPB,0,17,13.5,8.4,3.2,3.0
98258,2024-01-11 19:03:00,2,2.64,0,car,55.0,SPB,1,10,3.8,11.04,15.8,4.0
98259,2025-04-28 04:45:00,3,6.52,0,car,55.0,SPB,1,5,31.6,3.03,15.0,3.0
98260,2025-03-04 02:44:00,2,1.71,0,car,55.0,SPB,0,37,18.4,1.28,17.8,3.0
98261,2025-01-01 05:49:00,2,3.8,0,scooter,53.69711497645374,Moscow,0,26,-4.6,10.43,1.0,4.0
98262,2025-06-10 02:16:00,3,1.78,0,car,55.0,Moscow,0,20,13.9,2.49,17.3,4.0
98263,2025-01-28 13:33:00,3,3.31,0,bike,37.632500976867355,Moscow,1,9,11.0,10.67,14.9,4.0
98264,2024-12-14 03:40:00,4,2.58,0,bike,34.21679163845626,Moscow,1,10,-7.3,0.29,16.8,4.0
98265,2025-05-02 15:44:00,7,3.16,0,bike,40.142580832377945,Kazan,0,35,28.1,2.73,12.9,2.0
98266,2025-05-30 23:04:00,4,2.91,0,scooter,48.70580908301911,Moscow,1,7,23.6,4.14,5.4,4.0
98267,2025-03-21 14:12:00,4,3.38,0,bike,36.82146628990283,Kazan,1,13,22.8,1.05,12.7,2.0
98268,2024-01-06 11:52:00,1,5.36,0,car,55.0,Moscow,1,6,0.3,17.65,22.0,4.0
98269,2024-04-28 22:29:00,2,1.39,0,scooter,55.0,SPB,1,11,32.4,0.41,15.1,2.0
98270,2024-05-12 20:21:00,2,6.88,0,scooter,52.378878477670696,SPB,0,15,22.3,3.54,7.8,
98271,2025-04-25 22:52:00,2,1.88,1,scooter,50.660526107716386,Moscow,1,9,28.7,3.2,6.2,4.0
98272,2025-02-22 05:06:00,6,2.17,1,bike,33.0915722275002,Moscow,1,8,15.5,15.38,5.7,4.0
98273,2024-07-11 03:47:00,5,4.57,0,car,55.0,Kazan,0,18,0.8,5.47,10.0,3.0
98274,2024-09-06 07:01:00,3,4.84,0,scooter,50.19968924951003,SPB,0,37,-13.3,8.02,16.7,3.0
98275,2025-06-24 22:52:00,2,3.52,0,scooter,50.502841360509194,Moscow,0,28,14.5,1.16,10.9,4.0
98276,2024-07-31 03:01:00,3,3.62,0,bike,30.567021598673445,Moscow,1,5,5.4,,18.9,5.0
98277,2025-06-02 17:02:00,2,2.63,0,bike,37.6456880964658,Kazan,1,8,18.9,0.55,12.6,2.0
98278,2024-06-24 01:41:00,3,4.55,0,scooter,47.84167767078809,Moscow,1,12,16.3,0.1,9.6,5.0
98279,2024-10-07 17:47:00,1,0.81,0,car,55.0,Kazan,1,12,-24.8,1.63,9.2,2.0
98280,2024-08-18 12:29:00,1,0.57,0,bike,37.6456880964658,Kazan,1,5,-10.0,7.56,16.0,1.0
98281,2025-05-27 01:03:00,4,4.27,0,scooter,55.0,Kazan,0,34,15.4,5.85,5.7,
98282,2025-02-08 05:36:00,5,5.13,0,scooter,55.0,Moscow,0,17,20.6,10.46,0.6,3.0
98283,2025-02-25 14:14:00,1,3.1,0,car,55.0,Moscow,1,10,21.2,2.46,9.7,4.0
98284,2025-02-12 04:36:00,3,3.14,1,bike,30.444795647135667,Kazan,0,17,22.0,10.48,18.3,2.0
98285,2024-05-20 12:59:00,1,0.74,0,car,55.0,Moscow,1,9,19.1,0.8,2.2,4.0
98286,2025-02-26 12:33:00,5,3.81,0,car,55.0,SPB,1,7,19.3,13.35,19.5,3.0
98287,2024-11-19 23:58:00,2,6.71,0,bike,34.60585913965475,SPB,1,5,-19.2,1.24,14.3,4.0
98288,2024-08-22 18:53:00,4,5.02,0,car,55.0,SPB,0,15,-15.3,3.61,0.8,4.0
98289,2025-05-10 18:48:00,2,3.4,0,bike,34.302746560329744,Kazan,0,20,26.7,2.96,6.7,1.0
98290,2024-01-08 08:58:00,8,1.97,0,car,55.0,SPB,0,21,-3.3,8.24,15.7,3.0
98291,2024-01-21 20:36:00,3,4.74,0,bike,36.862403291529105,Moscow,1,5,7.5,15.17,23.5,3.0
98292,2025-05-29 08:23:00,3,5.52,0,car,55.0,Moscow,0,26,18.8,0.76,0.0,4.0
98293,2025-06-23 22:36:00,3,4.2,0,car,55.0,SPB,1,11,13.0,5.4,16.1,3.0
98294,2024-02-08 22:52:00,3,3.4,0,bike,35.76167786475204,Kazan,0,37,11.4,1.05,8.3,2.0
98295,2024-10-16 02:16:00,3,12.3,0,scooter,46.0651894724839,Moscow,0,32,-15.0,3.37,4.0,5.0
98296,2025-01-16 14:39:00,4,2.95,1,car,55.0,SPB,1,7,4.6,5.32,6.9,4.0
98297,2024-02-23 10:56:00,2,2.98,0,car,55.0,Moscow,1,6,10.4,1.48,9.4,4.0
98298,2024-11-06 18:32:00,2,1.28,0,car,55.0,SPB,0,24,-22.2,3.33,21.0,3.0
98299,2024-03-20 18:34:00,1,3.89,0,scooter,42.15405365401788,SPB,1,7,31.9,0.4,12.7,3.0
98300,2025-02-14 06:03:00,1,5.07,0,scooter,54.257799958411795,Moscow,0,28,18.6,1.46,16.2,4.0
98301,2024-11-05 12:42:00,2,0.53,0,car,55.0,Moscow,0,16,-14.2,0.06,2.3,5.0
98302,2024-05-04 02:24:00,2,3.38,0,bike,30.444795647135667,Moscow,1,10,30.0,5.59,4.6,4.0
98303,2024-07-12 23:17:00,3,4.02,0,car,55.0,Moscow,0,35,2.5,2.55,6.7,4.0
98304,2024-07-06 17:56:00,5,3.84,1,scooter,53.88993581645081,Kazan,0,34,10.5,,19.4,1.0
98305,2025-06-17 00:57:00,1,1.16,0,bike,38.07269195618679,Moscow,0,23,16.2,8.49,0.8,5.0
98306,2024-11-08 05:32:00,4,3.55,1,car,55.0,SPB,1,6,-21.1,0.05,9.7,3.0
98307,2025-01-22 17:24:00,4,1.19,0,car,55.0,Kazan,0,32,2.0,2.58,3.9,2.0
98308,2024-02-15 09:38:00,3,1.23,0,bike,34.21679163845626,Moscow,0,20,16.6,0.81,23.6,5.0
98309,2024-12-25 14:12:00,2,3.3,0,scooter,38.31527511177083,SPB,0,37,-7.8,17.49,18.3,3.0
98310,2024-04-23 12:09:00,2,0.96,0,bike,41.219692330682875,SPB,0,36,30.8,19.52,9.8,4.0
98311,2024-09-04 14:43:00,5,8.01,1,car,55.0,Moscow,1,6,-18.7,0.55,12.7,5.0
98312,2024-01-16 05:10:00,2,1.07,0,car,55.0,Moscow,1,13,4.6,2.09,19.5,5.0
98313,2024-11-15 06:03:00,2,3.32,0,bike,33.503041454143556,Moscow,1,13,-16.7,13.33,5.5,5.0
98314,2025-01-23 09:26:00,5,4.84,0,car,55.0,SPB,1,5,-3.7,3.44,2.7,3.0
98315,2025-05-03 11:02:00,2,2.93,0,car,55.0,SPB,0,17,22.6,6.98,0.7,2.0
98316,2024-07-18 05:02:00,3,2.62,0,scooter,50.81018222286416,Kazan,0,30,0.2,0.13,3.7,2.0
98317,2025-01-31 03:25:00,4,4.93,0,scooter,44.150599250049076,Moscow,1,6,11.9,1.45,17.2,4.0
98318,2024-10-09 04:12:00,2,3.75,0,car,55.0,Kazan,0,27,-22.5,0.26,2.4,2.0
98319,2024-07-28 00:05:00,3,3.01,0,scooter,50.660526107716386,SPB,0,20,-5.3,5.83,14.7,3.0
98320,2024-04-18 22:18:00,4,2.29,0,bike,42.40735828019987,Moscow,1,5,33.6,0.33,16.9,4.0
98321,2025-01-27 01:28:00,2,3.83,0,car,55.0,Kazan,0,30,2.6,1.72,3.7,2.0
98322,2024-04-26 12:40:00,3,0.73,0,scooter,54.69739406908258,Moscow,0,35,30.0,2.06,7.3,4.0
98323,2025-02-21 16:41:00,3,5.43,0,car,55.0,SPB,1,13,27.2,1.89,9.9,3.0
98324,2024-05-11 14:46:00,2,4.48,0,bike,41.219692330682875,SPB,0,23,25.1,4.07,14.7,2.0
98325,2024-01-08 22:00:00,4,8.81,1,bike,42.8376824131858,Kazan,0,27,-0.4,1.22,16.5,2.0
98326,2024-08-26 09:32:00,4,2.95,0,car,55.0,Kazan,0,25,-10.1,1.65,9.8,2.0
98327,2025-03-08 09:42:00,4,9.9,0,scooter,40.06698260588018,Kazan,1,5,17.0,4.46,7.1,2.0
98328,2025-05-05 20:27:00,2,1.15,0,scooter,55.0,Kazan,1,8,21.8,4.09,6.9,2.0
98329,2024-04-08 01:30:00,2,2.35,0,car,55.0,Moscow,0,18,27.9,4.96,15.3,4.0
98330,2025-03-07 11:05:00,4,2.74,0,scooter,49.49166115263669,Kazan,0,19,17.0,3.85,17.8,2.0
98331,2025-06-05 01:36:00,2,5.48,0,car,55.0,Moscow,1,8,22.9,3.04,10.0,5.0
98332,2025-03-26 00:19:00,7,2.72,0,car,55.0,SPB,0,16,27.5,6.28,6.5,4.0
98333,2024-12-29 06:40:00,1,1.14,0,car,55.0,Moscow,0,39,-6.6,5.86,14.7,3.0
98334,2024-03-26 01:56:00,2,3.19,0,car,55.0,Kazan,0,24,25.0,2.94,1.7,2.0
98335,2024-02-15 04:31:00,2,1.29,0,car,55.0,Moscow,1,14,16.6,0.81,23.6,5.0
98336,2024-12-16 13:01:00,2,1.4,0,bike,35.574343203740504,Kazan,1,13,-10.7,2.12,16.4,2.0
98337,2024-07-15 08:07:00,2,1.86,0,car,55.0,SPB,0,15,1.8,,11.7,3.0
98338,2024-01-08 02:28:00,3,2.35,0,car,55.0,SPB,1,7,-3.3,8.24,15.7,3.0
98339,2024-04-06 21:03:00,1,3.96,0,scooter,53.88993581645081,Moscow,1,6,34.3,6.85,,4.0
98340,2024-07-26 12:25:00,7,0.09,0,car,55.0,Moscow,1,9,0.4,1.99,18.1,4.0
98341,2024-06-29 10:27:00,2,0.74,1,bike,39.395918500296126,Moscow,0,26,9.2,0.67,15.3,4.0
98342,2024-04-23 13:37:00,2,4.58,0,car,55.0,Kazan,0,20,25.9,2.73,18.5,3.0
98343,2024-05-31 19:32:00,4,2.89,0,bike,37.632500976867355,Kazan,1,14,20.1,8.04,13.2,3.0
98344,2024-02-14 01:33:00,5,1.71,0,car,55.0,Moscow,0,18,20.1,8.75,7.3,5.0
98345,2024-07-14 18:16:00,3,4.64,0,car,55.0,Kazan,1,8,,20.42,19.0,1.0
98346,2024-06-29 19:05:00,2,3.56,0,car,55.0,Moscow,1,6,9.2,0.67,15.3,4.0
98347,2025-05-17 03:11:00,2,1.04,0,bike,36.862403291529105,Moscow,0,30,24.1,4.37,19.3,3.0
98348,2024-11-13 22:05:00,3,9.79,0,scooter,55.0,Kazan,0,35,-32.9,4.25,6.8,3.0
98349,2024-06-03 02:21:00,2,3.76,0,car,55.0,SPB,0,15,13.2,10.84,10.3,
98350,2024-02-18 06:26:00,2,5.65,0,car,55.0,Moscow,1,12,16.0,3.1,0.1,4.0
98351,2025-03-13 11:51:00,6,5.62,0,car,55.0,SPB,0,20,20.6,1.27,19.3,3.0
98352,2024-12-19 22:58:00,3,2.4,0,car,55.0,Moscow,1,12,-0.4,6.56,20.5,
98353,2025-01-26 13:16:00,4,4.24,0,car,55.0,Moscow,0,35,10.8,,21.9,3.0
98354,2024-11-14 21:44:00,4,2.91,0,car,55.0,Moscow,0,35,-13.2,2.84,2.7,4.0
98355,2024-03-01 16:44:00,2,1.68,0,scooter,38.31527511177083,Moscow,0,39,24.7,0.0,2.9,4.0
98356,2024-03-18 04:09:00,5,1.25,0,scooter,55.0,Moscow,1,11,30.1,4.24,5.3,4.0
98357,2024-01-28 14:31:00,4,2.03,0,car,55.0,Kazan,1,9,7.8,7.92,10.9,1.0
98358,2024-01-25 10:50:00,3,0.89,1,car,55.0,Kazan,1,5,8.3,1.51,23.5,3.0
98359,2025-05-15 06:56:00,3,0.69,0,bike,34.60585913965475,SPB,0,16,16.9,3.16,8.5,4.0
98360,2025-03-13 17:52:00,4,3.82,0,scooter,49.86328877279848,SPB,0,16,20.6,1.27,19.3,3.0
98361,2025-04-04 23:33:00,3,4.56,0,car,55.0,Moscow,1,5,27.0,2.4,15.8,5.0
98362,2025-04-29 01:07:00,4,0.84,0,scooter,40.06698260588018,SPB,1,9,35.0,5.56,8.6,4.0
98363,2024-10-19 10:46:00,1,1.57,0,bike,36.847051198698445,Kazan,0,30,-23.2,1.36,4.0,1.0
98364,2024-09-23 03:29:00,2,8.65,0,car,55.0,Moscow,1,5,-18.8,2.21,4.7,4.0
98365,2024-04-04 20:23:00,4,1.12,0,car,55.0,Moscow,0,33,25.9,10.79,3.1,4.0
98366,2024-02-05 07:06:00,1,0.99,0,bike,42.8376824131858,Moscow,0,36,9.8,19.15,20.4,4.0
98367,2025-03-06 23:42:00,2,2.08,0,car,55.0,Moscow,1,9,24.6,1.39,12.9,4.0
98368,2024-03-26 18:35:00,2,0.63,0,car,55.0,Moscow,0,28,27.1,2.66,1.4,5.0
98369,2025-05-03 17:08:00,3,1.4,0,car,55.0,Moscow,1,9,32.1,3.71,17.3,3.0
98370,2025-03-06 15:42:00,4,0.62,1,bike,34.88035136798393,SPB,1,6,18.9,,7.1,3.0
98371,2024-11-13 13:36:00,3,0.32,0,scooter,48.34342395184287,Kazan,1,12,-32.9,4.25,6.8,3.0
98372,2024-06-30 15:18:00,2,5.25,0,car,55.0,SPB,1,10,7.4,0.91,5.0,3.0
98373,2024-10-23 00:53:00,3,4.99,0,car,55.0,SPB,0,16,-23.3,4.41,18.4,3.0
98374,2025-04-10 01:39:00,2,1.19,0,car,55.0,Kazan,1,9,28.9,6.54,1.6,2.0
98375,2024-06-13 03:47:00,3,1.29,0,car,55.0,SPB,0,35,20.3,1.92,1.5,4.0
98376,2025-04-28 22:59:00,7,4.82,0,bike,37.32002871481163,Kazan,1,13,28.1,0.27,3.7,3.0
98377,2025-06-10 09:02:00,4,5.39,0,car,55.0,SPB,0,28,18.5,1.18,15.2,3.0
98378,2024-05-06 23:48:00,1,7.58,0,car,55.0,Kazan,1,12,24.7,0.99,18.6,2.0
98379,2024-11-16 23:34:00,2,0.76,0,car,55.0,Moscow,0,18,-15.9,2.83,1.6,3.0
98380,2025-03-14 03:39:00,2,2.66,0,scooter,43.16043291364058,Moscow,0,39,29.6,4.4,12.7,4.0
98381,2025-06-13 03:41:00,2,1.6,0,bike,43.1943022875045,Kazan,1,14,21.8,1.45,4.6,2.0
98382,2025-01-17 08:38:00,4,0.41,0,car,55.0,SPB,0,22,11.9,11.67,8.3,3.0
98383,2024-03-17 12:46:00,7,6.91,0,car,55.0,Moscow,0,19,25.6,6.32,16.2,4.0
98384,2024-09-01 01:59:00,5,4.87,0,bike,31.260861704088715,SPB,0,20,-11.2,2.53,5.5,2.0
98385,2024-07-14 03:07:00,6,2.94,0,car,55.0,Moscow,1,11,5.3,3.54,4.2,3.0
98386,2025-03-08 21:33:00,2,2.3,0,car,55.0,SPB,0,16,17.5,5.1,6.7,2.0
98387,2025-04-29 11:21:00,6,1.31,0,car,55.0,Moscow,1,10,34.0,1.66,11.0,5.0
98388,2024-12-28 19:57:00,6,0.53,0,scooter,55.0,Moscow,1,8,2.9,2.83,4.0,3.0
98389,2025-06-29 22:24:00,4,5.52,0,car,55.0,Moscow,1,6,17.5,7.29,11.2,3.0
98390,2025-05-29 05:56:00,4,5.81,0,car,55.0,SPB,0,31,14.2,0.9,8.8,3.0
98391,2025-06-06 07:04:00,2,5.2,0,scooter,48.67898980658732,SPB,0,23,,8.29,7.7,3.0
98392,2024-03-09 21:14:00,1,2.11,1,bike,38.3374319784028,Moscow,1,7,23.1,3.35,15.7,4.0
98393,2024-12-09 21:14:00,2,1.0,0,scooter,54.20006938556093,Moscow,0,33,-6.0,0.93,22.7,5.0
98394,2024-09-23 18:28:00,5,4.73,1,bike,35.23265629823605,Moscow,1,11,-18.8,2.21,4.7,4.0
98395,2024-07-13 15:01:00,3,2.04,0,scooter,46.44408516513773,Kazan,0,39,3.7,10.51,18.1,1.0
98396,2024-05-13 16:16:00,2,1.18,0,car,55.0,SPB,0,24,29.4,0.5,16.6,4.0
98397,2024-12-28 16:06:00,2,3.19,0,car,55.0,Moscow,0,34,2.9,2.83,4.0,3.0
98398,2024-03-08 11:29:00,2,5.12,0,bike,35.086380143438284,Moscow,1,10,15.8,0.46,14.1,4.0
98399,2024-10-05 12:51:00,1,6.22,0,car,55.0,Moscow,1,8,-15.3,0.44,0.2,4.0
98400,2025-02-28 20:32:00,2,1.92,0,car,54.680479951338505,Moscow,0,26,28.4,0.34,1.8,4.0
98401,2025-01-04 16:43:00,1,0.66,0,car,55.0,Moscow,0,38,-0.3,14.45,8.5,3.0
98402,2024-05-05 21:25:00,7,8.14,0,car,55.0,SPB,0,23,25.3,11.69,10.6,2.0
98403,2024-12-29 12:01:00,3,3.26,0,car,55.0,Moscow,1,12,-6.6,5.86,14.7,3.0
98404,2024-07-22 10:22:00,2,2.69,0,scooter,49.6149146410911,Moscow,1,10,3.9,1.06,11.2,4.0
98405,2025-06-14 10:23:00,2,2.66,1,car,55.0,Kazan,0,39,12.5,0.93,8.4,1.0
98406,2025-01-09 14:00:00,4,1.03,0,car,55.0,SPB,0,37,3.2,1.34,16.8,3.0
98407,2024-06-15 09:18:00,3,7.88,0,bike,37.26218109219517,Kazan,0,27,16.2,9.42,8.3,1.0
98408,2024-01-22 14:19:00,2,5.02,0,car,55.0,SPB,0,17,2.0,7.16,2.3,4.0
98409,2024-12-27 01:29:00,1,4.99,0,bike,42.191249465282176,Moscow,0,39,-0.7,1.23,22.6,4.0
98410,2024-09-15 18:52:00,3,1.17,0,car,55.0,SPB,0,29,-22.7,1.57,13.8,
98411,2025-03-01 23:01:00,3,5.78,1,car,55.0,Kazan,1,12,18.2,4.15,15.4,2.0
98412,2024-07-16 22:18:00,3,7.62,0,car,55.0,Moscow,0,20,8.7,3.29,7.0,4.0
98413,2024-09-19 04:02:00,3,8.63,0,scooter,48.67898980658732,Kazan,1,5,-18.0,0.23,18.8,3.0
98414,2025-02-11 16:39:00,2,3.36,0,car,55.0,Moscow,0,30,14.3,5.78,13.8,4.0
98415,2024-11-20 22:32:00,4,2.19,0,scooter,48.67898980658732,Moscow,0,36,-11.8,0.58,19.4,4.0
98416,2024-02-16 13:08:00,1,3.75,0,car,55.0,Moscow,1,9,12.7,3.97,11.0,4.0
98417,2024-04-21 10:38:00,2,0.49,0,car,55.0,Kazan,0,25,20.3,1.04,13.0,2.0
98418,2024-03-26 06:52:00,3,1.46,0,car,55.0,Moscow,1,13,27.1,2.66,1.4,5.0
98419,2024-09-13 14:21:00,4,5.23,0,car,55.0,SPB,1,5,-19.5,7.18,7.0,3.0
98420,2025-04-03 03:00:00,3,1.59,0,bike,32.37325941116156,SPB,0,26,32.6,2.72,5.0,3.0
98421,2024-07-18 18:40:00,2,0.37,0,car,55.0,Moscow,0,16,5.5,,15.9,5.0
98422,2024-03-23 07:30:00,1,5.78,0,car,55.0,SPB,0,37,29.7,21.09,13.8,2.0
98423,2025-05-08 23:58:00,2,10.84,0,car,55.0,Moscow,0,39,20.4,1.32,12.7,5.0
98424,2024-07-26 14:59:00,4,1.2,0,car,41.750137119404535,Kazan,0,34,4.7,1.09,16.9,3.0
98425,2024-04-24 03:11:00,3,2.04,0,car,55.0,Moscow,1,9,24.0,1.55,18.5,4.0
98426,2024-09-28 23:46:00,3,3.79,0,scooter,36.42755350070934,Moscow,0,33,-23.2,0.12,11.5,3.0
98427,2024-01-06 15:25:00,3,1.28,0,bike,35.23265629823605,Moscow,1,9,0.3,17.65,22.0,4.0
98428,2024-12-15 17:20:00,3,2.16,0,bike,35.369149670627664,SPB,0,16,-6.7,5.55,10.7,2.0
98429,2024-06-20 23:21:00,3,1.4,0,car,55.0,Moscow,1,10,13.3,8.88,3.0,4.0
98430,2025-04-17 23:23:00,6,2.25,0,scooter,55.0,Moscow,0,35,37.4,5.32,10.8,
98431,2024-08-19 12:29:00,3,3.81,0,bike,31.870139968385395,Moscow,1,6,-8.0,1.95,2.1,4.0
98432,2024-10-03 07:42:00,6,1.3,0,scooter,45.13982819313042,Kazan,1,11,-21.8,0.9,10.6,2.0
98433,2024-10-06 21:20:00,6,1.74,0,car,55.0,Moscow,1,6,-21.3,1.28,17.3,3.0
98434,2025-04-28 09:57:00,5,0.74,0,car,55.0,Moscow,0,31,36.7,0.92,15.1,4.0
98435,2024-04-26 06:25:00,3,6.91,0,bike,37.632500976867355,Kazan,1,8,27.0,5.28,10.8,2.0
98436,2024-04-11 22:00:00,2,9.81,0,bike,42.25170720017491,SPB,1,11,26.5,4.55,4.0,4.0
98437,2025-02-05 02:25:00,3,4.1,0,bike,35.577876365522755,Moscow,1,12,12.4,20.28,7.0,4.0
98438,2025-03-27 20:57:00,3,3.23,1,car,55.0,Kazan,0,25,30.0,1.21,19.7,2.0
98439,2025-04-17 20:32:00,2,10.78,0,car,55.0,Moscow,0,39,37.4,5.32,10.8,
98440,2024-02-10 22:10:00,6,12.72,0,car,55.0,Moscow,0,36,23.1,0.19,12.7,4.0
98441,2025-05-03 17:00:00,1,3.26,0,scooter,55.0,Moscow,1,13,32.1,3.71,17.3,3.0
98442,2024-03-03 04:43:00,2,5.33,1,bike,39.395918500296126,Moscow,0,15,23.6,5.03,19.7,3.0
98443,2024-01-14 03:01:00,1,5.97,0,scooter,48.78408734662869,Moscow,0,30,6.1,4.48,18.1,4.0
98444,2024-11-09 03:15:00,3,1.39,0,car,55.0,SPB,1,8,-18.0,30.7,13.6,2.0
98445,2024-05-11 20:55:00,3,3.58,1,scooter,36.309932338308485,Moscow,1,9,31.6,,1.0,3.0
98446,2025-01-23 13:50:00,2,0.43,0,scooter,48.70580908301911,Kazan,0,20,6.2,0.82,16.5,3.0
98447,2025-04-20 17:43:00,3,4.12,0,scooter,39.091298449230436,Moscow,1,7,37.6,0.5,5.1,3.0
98448,2025-04-16 20:17:00,4,10.91,0,bike,42.40735828019987,Moscow,1,5,30.7,13.29,4.0,4.0
98449,2024-02-02 17:39:00,2,0.42,0,car,55.0,SPB,0,33,9.7,,12.4,3.0
98450,2025-03-24 12:53:00,2,6.87,0,bike,38.3374319784028,Kazan,1,8,14.2,0.11,0.9,2.0
98451,2025-03-08 12:44:00,1,1.11,1,car,55.0,Kazan,0,20,17.0,4.46,7.1,2.0
98452,2025-04-16 15:15:00,4,7.76,0,car,55.0,Kazan,0,32,19.8,0.27,1.7,2.0
98453,2025-03-10 08:10:00,6,2.8,0,car,55.0,Moscow,1,5,21.3,1.23,9.1,4.0
98454,2024-05-12 13:51:00,3,3.33,0,bike,34.06066537047135,Moscow,0,31,23.2,0.46,9.2,3.0
98455,2025-05-11 02:30:00,1,2.59,0,car,55.0,Kazan,1,5,20.1,2.55,12.9,1.0
98456,2024-02-10 20:27:00,2,3.83,0,car,55.0,Moscow,0,37,23.1,0.19,12.7,4.0
98457,2024-04-13 00:43:00,2,8.69,0,bike,34.60585913965475,SPB,0,17,22.9,1.35,5.2,2.0
98458,2024-02-29 14:45:00,3,3.06,0,bike,39.220014514791444,Moscow,1,6,18.0,6.07,1.0,4.0
98459,2025-04-23 05:11:00,4,3.08,0,car,55.0,Kazan,0,37,20.6,8.72,13.8,2.0
98460,2024-10-30 22:50:00,5,2.87,0,car,55.0,Moscow,0,39,-18.9,0.88,14.2,4.0
98461,2024-06-23 10:39:00,4,6.09,0,car,55.0,Moscow,1,6,13.3,0.72,2.2,3.0
98462,2024-07-14 15:56:00,2,3.15,0,scooter,55.0,SPB,0,20,3.8,26.27,13.4,2.0
98463,2024-07-04 11:14:00,4,10.05,0,car,55.0,Kazan,1,9,8.5,0.48,13.9,2.0
98464,2025-01-10 12:23:00,2,3.31,0,car,55.0,Moscow,0,38,0.6,1.36,22.0,4.0
98465,2024-03-06 04:42:00,1,1.66,0,car,45.85950269980694,Moscow,0,16,30.4,5.06,13.2,4.0
98466,2025-06-07 20:36:00,3,5.34,0,car,55.0,Kazan,0,32,21.1,0.24,9.6,1.0
98467,2025-06-01 21:31:00,1,4.56,0,scooter,38.31527511177083,Kazan,0,18,23.3,4.35,1.7,1.0
98468,2024-11-27 11:05:00,1,3.05,0,car,55.0,Moscow,0,39,-8.0,4.61,21.0,5.0
98469,2024-03-14 07:30:00,1,6.33,0,car,55.0,Kazan,1,6,17.9,1.39,4.0,2.0
98470,2024-06-28 02:15:00,4,16.94,0,car,55.0,Kazan,1,7,7.8,2.72,4.0,2.0
98471,2024-05-12 11:04:00,2,1.74,0,scooter,41.544742159650916,Moscow,0,31,23.2,0.46,9.2,3.0
98472,2024-06-01 13:42:00,3,1.6,0,scooter,49.00620380326575,Moscow,1,5,29.9,6.97,1.7,4.0
98473,2024-12-02 15:57:00,4,10.27,0,scooter,46.7981431143761,Kazan,0,32,-18.9,1.29,4.0,3.0
98474,2024-06-02 16:56:00,2,7.58,0,scooter,39.262412605512424,SPB,0,37,22.7,4.92,12.7,2.0
98475,2024-09-14 07:52:00,3,5.27,0,car,55.0,Moscow,0,27,-22.5,0.62,18.8,4.0
98476,2024-05-02 08:04:00,4,0.8,0,scooter,51.84792119327856,Moscow,0,35,31.0,20.55,,4.0
98477,2025-04-20 13:18:00,3,8.38,0,car,55.0,Moscow,0,30,37.6,0.5,5.1,3.0
98478,2025-04-06 11:02:00,3,7.01,0,scooter,40.06698260588018,Moscow,0,31,33.6,0.07,0.7,3.0
98479,2025-05-18 00:04:00,5,5.91,1,scooter,36.309932338308485,SPB,0,21,20.7,8.68,18.1,2.0
98480,2025-01-06 15:42:00,1,1.8,1,car,55.0,SPB,0,21,-9.3,,3.3,3.0
98481,2024-10-20 14:22:00,2,4.73,0,car,55.0,Moscow,1,5,-24.1,5.07,14.4,4.0
98482,2024-06-30 06:27:00,4,3.07,0,car,55.0,Moscow,0,32,10.4,5.21,9.2,3.0
98483,2024-05-05 22:38:00,2,3.01,0,car,55.0,SPB,0,29,25.3,11.69,10.6,2.0
98484,2025-01-11 23:19:00,2,3.94,0,bike,30.997625676503116,Moscow,1,9,-4.1,3.57,3.9,4.0
98485,2024-08-30 17:45:00,4,1.97,0,scooter,55.0,Moscow,1,14,-6.7,4.87,18.4,4.0
98486,2024-09-21 19:54:00,2,5.61,0,bike,36.62098754864886,Moscow,1,14,-16.6,5.21,9.3,3.0
98487,2025-04-12 09:50:00,4,5.91,0,scooter,53.90710727799128,Moscow,0,28,28.7,0.28,13.4,3.0
98488,2025-02-04 11:28:00,4,1.84,0,bike,36.82146628990283,Kazan,0,32,7.4,13.18,17.1,2.0
98489,2024-02-16 18:57:00,3,1.28,0,bike,40.32854369446495,Moscow,0,26,12.7,3.97,11.0,4.0
98490,2024-10-14 16:34:00,2,4.8,0,car,55.0,Kazan,1,5,-24.1,4.13,7.0,
98491,2024-09-17 09:26:00,4,3.71,0,car,55.0,SPB,1,13,-17.7,7.85,13.4,3.0
98492,2024-03-16 06:42:00,6,7.24,0,bike,41.76333005471556,Moscow,1,11,30.2,9.44,9.9,3.0
98493,2024-01-11 11:57:00,4,1.88,0,car,55.0,Kazan,1,9,4.8,,10.7,2.0
98494,2024-02-06 12:31:00,3,1.46,0,car,55.0,Moscow,1,9,13.9,3.52,21.1,4.0
98495,2024-07-10 15:46:00,4,4.24,0,bike,38.56610576982384,SPB,1,6,0.7,19.3,16.6,4.0
98496,2024-01-06 18:26:00,2,3.25,0,scooter,53.88993581645081,SPB,0,33,4.9,,2.6,2.0
98497,2025-02-14 15:46:00,3,3.42,0,car,55.0,SPB,0,26,21.7,8.7,18.1,3.0
98498,2024-12-23 13:56:00,3,1.87,0,car,46.1550413594705,Moscow,1,9,-1.7,8.43,13.7,4.0
98499,2025-04-02 00:54:00,1,6.72,0,car,55.0,Moscow,0,30,30.7,3.53,9.7,5.0
98500,2025-04-11 08:55:00,5,2.92,0,car,55.0,Moscow,0,22,30.4,14.75,6.3,4.0
98501,2024-07-07 02:09:00,3,3.28,0,car,55.0,Kazan,1,5,-0.4,0.04,14.2,1.0
98502,2025-02-11 20:29:00,2,5.92,0,car,55.0,SPB,0,20,17.5,2.27,9.0,3.0
98503,2025-02-10 11:23:00,3,1.5,0,car,55.0,Moscow,0,36,18.7,2.66,21.3,4.0
98504,2024-10-27 18:23:00,2,6.17,0,car,55.0,Kazan,0,29,-27.8,5.35,13.3,1.0
98505,2025-01-12 06:31:00,5,3.37,0,bike,38.07882928487708,Moscow,1,6,5.6,3.06,,4.0
98506,2025-01-12 15:40:00,5,7.66,0,bike,32.37325941116156,Moscow,1,5,5.6,3.06,,4.0
98507,2024-04-13 20:31:00,3,6.11,0,bike,34.06066537047135,SPB,1,5,22.9,1.35,5.2,2.0
98508,2025-01-27 20:37:00,1,2.88,0,scooter,41.41642418784267,SPB,1,14,11.9,7.15,16.2,3.0
98509,2024-11-30 10:12:00,1,3.39,0,scooter,54.20006938556093,SPB,1,11,-8.9,3.68,18.6,2.0
98510,2025-01-23 13:11:00,1,1.66,0,car,55.0,SPB,1,10,-3.7,3.44,2.7,3.0
98511,2024-08-12 21:16:00,4,2.98,0,car,55.0,Moscow,1,9,-3.8,1.8,2.8,4.0
98512,2025-06-20 06:50:00,3,3.01,0,car,55.0,Kazan,0,34,14.6,0.91,5.6,2.0
98513,2024-01-13 22:54:00,2,2.25,0,car,55.0,Moscow,0,21,4.3,2.78,15.9,4.0
98514,2025-05-06 02:37:00,1,0.59,0,bike,35.574343203740504,Kazan,1,12,24.2,1.65,8.7,2.0
98515,2024-01-24 13:28:00,3,4.79,0,bike,36.82146628990283,SPB,0,15,7.3,8.54,16.2,3.0
98516,2024-07-24 19:43:00,3,7.71,0,scooter,40.65776334533052,Moscow,0,31,-2.8,2.69,18.2,5.0
98517,2025-02-23 16:33:00,5,2.06,0,car,55.0,Moscow,0,17,26.9,22.11,9.9,3.0
98518,2024-06-21 08:49:00,1,5.68,0,car,55.0,Kazan,1,13,12.4,0.07,13.8,2.0
98519,2024-08-02 22:04:00,2,3.9,0,car,55.0,Moscow,1,6,-9.4,3.56,19.7,4.0
98520,2024-06-18 11:17:00,1,0.26,0,car,55.0,Moscow,0,18,9.9,0.13,14.8,4.0
98521,2024-08-28 14:12:00,4,4.85,0,scooter,46.760053354253095,Moscow,1,12,-10.9,0.04,10.0,4.0
98522,2025-02-26 15:42:00,1,1.41,0,scooter,55.0,Kazan,1,12,18.1,2.74,13.3,2.0
98523,2024-12-30 04:56:00,6,7.44,0,bike,36.862403291529105,Moscow,0,30,-1.9,33.58,2.4,4.0
98524,2024-08-19 12:27:00,2,10.66,0,scooter,46.44984473997541,SPB,0,38,-14.2,21.84,18.5,3.0
98525,2024-03-10 18:17:00,4,3.79,0,scooter,39.047551890965785,Kazan,1,9,22.2,0.64,17.5,1.0
98526,2025-01-01 17:43:00,2,1.37,1,car,55.0,Moscow,1,5,-4.6,10.43,1.0,4.0
98527,2024-07-30 09:52:00,3,2.26,1,car,55.0,SPB,0,16,-2.9,6.09,12.0,3.0
98528,2024-03-04 08:06:00,2,4.84,0,scooter,50.22988603518088,Moscow,0,18,27.1,3.7,6.9,5.0
98529,2024-03-19 10:49:00,3,1.31,0,bike,40.32854369446495,Moscow,1,5,27.4,3.58,17.1,4.0
98530,2024-09-07 04:08:00,1,4.83,0,car,55.0,Kazan,0,18,-17.5,,19.4,1.0
98531,2024-04-06 10:35:00,4,8.66,0,car,55.0,Moscow,0,34,34.3,6.85,,4.0
98532,2024-06-14 03:31:00,1,1.84,0,car,55.0,SPB,0,39,9.9,4.58,7.5,4.0
98533,2024-09-22 19:41:00,2,2.56,0,scooter,55.0,Kazan,0,32,-22.3,0.54,18.0,1.0
98534,2024-11-23 09:29:00,1,2.93,0,scooter,49.00620380326575,Kazan,0,31,-25.0,3.85,15.4,1.0
98535,2024-06-25 15:14:00,1,6.66,0,scooter,47.978038395195696,Moscow,0,19,21.5,0.07,1.2,4.0
98536,2025-01-25 21:20:00,3,10.3,0,car,55.0,Kazan,0,24,9.5,2.42,1.0,2.0
98537,2024-03-30 22:06:00,2,2.78,0,car,55.0,SPB,1,8,29.5,21.67,18.6,2.0
98538,2025-04-30 17:08:00,7,3.37,0,car,55.0,Moscow,1,10,23.0,4.66,18.3,4.0
98539,2024-12-03 21:55:00,2,2.15,0,bike,40.804334648574,Kazan,0,24,-15.2,1.3,15.8,
98540,2024-03-02 20:12:00,3,8.39,0,car,55.0,SPB,0,37,19.5,0.66,13.7,2.0
98541,2024-06-22 06:44:00,3,2.37,0,car,55.0,Moscow,0,17,15.1,0.3,6.1,3.0
98542,2024-04-16 00:38:00,4,5.58,0,car,55.0,SPB,0,25,29.5,21.08,,3.0
98543,2024-03-21 06:35:00,4,2.97,0,car,55.0,Kazan,0,29,22.9,4.61,4.7,2.0
98544,2024-09-27 05:20:00,3,5.57,0,car,55.0,Moscow,0,39,-22.4,1.37,6.9,4.0
98545,2024-04-25 19:29:00,5,11.23,0,car,55.0,Kazan,1,6,22.4,2.1,8.6,2.0
98546,2024-05-10 16:12:00,3,5.96,0,bike,39.395918500296126,SPB,1,10,29.4,18.23,3.6,
98547,2024-01-05 01:46:00,1,4.71,0,car,55.0,Moscow,0,16,2.6,2.74,16.9,4.0
98548,2024-02-10 11:07:00,3,2.44,0,car,55.0,Kazan,1,6,12.2,4.86,15.1,1.0
98549,2024-05-16 18:26:00,3,6.15,0,scooter,42.15405365401788,Moscow,0,21,22.8,2.65,16.9,4.0
98550,2025-06-27 22:17:00,3,2.79,0,car,55.0,Moscow,0,25,10.1,7.76,1.0,4.0
98551,2024-12-25 19:02:00,3,1.59,0,bike,35.086380143438284,Moscow,1,12,-6.1,3.37,6.4,4.0
98552,2025-01-20 16:08:00,3,7.15,0,bike,38.56610576982384,Moscow,1,7,7.5,6.7,0.2,4.0
98553,2025-04-11 16:23:00,2,3.53,0,bike,35.369149670627664,Moscow,1,5,30.4,14.75,6.3,4.0
98554,2024-04-24 22:47:00,2,3.82,0,car,55.0,SPB,0,23,27.2,4.45,7.4,3.0
98555,2024-09-29 00:51:00,5,6.76,0,car,55.0,Moscow,0,30,-15.9,0.82,3.7,3.0
98556,2024-08-03 02:11:00,2,1.35,0,bike,38.62838052170366,Kazan,1,5,-11.5,14.61,18.1,1.0
98557,2024-07-01 06:17:00,3,1.11,0,car,55.0,Kazan,0,37,15.4,0.34,0.3,3.0
98558,2024-12-21 06:36:00,5,2.65,0,car,55.0,Moscow,0,31,-1.8,2.61,22.6,3.0
98559,2024-07-18 06:40:00,5,5.62,0,bike,37.45176782140707,Moscow,1,8,5.5,,15.9,5.0
98560,2024-06-29 07:45:00,1,2.4,0,car,55.0,Moscow,1,9,9.2,0.67,15.3,4.0
98561,2025-06-12 13:21:00,4,5.52,1,car,55.0,Moscow,0,30,14.7,6.51,16.2,5.0
98562,2024-12-21 03:29:00,6,6.74,0,car,55.0,SPB,1,7,-6.2,4.25,10.6,2.0
98563,2024-08-14 19:13:00,3,5.91,0,car,55.0,Moscow,0,15,-11.5,2.19,16.1,4.0
98564,2024-02-29 21:28:00,1,14.07,0,car,55.0,SPB,1,7,17.8,1.3,16.8,3.0
98565,2025-05-10 20:34:00,4,0.83,0,bike,42.257796955237886,Kazan,0,29,26.7,2.96,6.7,1.0
98566,2024-08-31 00:33:00,4,4.93,0,scooter,40.65776334533052,Moscow,1,9,-15.2,1.35,19.1,3.0
98567,2024-09-17 00:28:00,9,5.36,1,car,55.0,Moscow,1,11,-22.4,19.82,4.9,4.0
98568,2025-01-30 03:37:00,1,2.6,0,scooter,51.200599917946555,Moscow,0,39,,3.88,10.2,5.0
98569,2024-02-11 19:47:00,3,0.77,0,scooter,49.86328877279848,Moscow,0,28,15.7,,18.1,3.0
98570,2024-12-06 16:45:00,3,6.47,0,scooter,49.49166115263669,Moscow,1,7,-9.6,1.92,14.8,4.0
98571,2025-02-01 21:46:00,3,2.71,0,car,55.0,SPB,1,9,8.7,0.83,2.8,3.0
98572,2024-12-10 02:31:00,4,3.47,0,scooter,41.41642418784267,Moscow,1,6,-10.9,,20.9,5.0
98573,2024-03-07 09:25:00,2,5.01,0,car,55.0,Moscow,0,21,25.4,5.58,16.3,4.0
98574,2024-05-19 03:13:00,1,0.44,0,car,55.0,Moscow,1,13,23.6,12.34,1.4,3.0
98575,2024-06-23 09:58:00,7,7.76,0,bike,35.574343203740504,Moscow,0,27,13.3,0.72,2.2,3.0
98576,2025-04-28 18:20:00,4,9.47,0,bike,41.253268832294935,SPB,0,23,31.6,3.03,15.0,3.0
98577,2024-03-06 14:51:00,5,8.49,0,car,55.0,Moscow,0,27,30.4,5.06,13.2,4.0
98578,2024-01-17 02:20:00,2,6.26,0,car,55.0,Moscow,1,8,2.8,4.21,15.7,4.0
98579,2025-01-13 03:37:00,4,3.67,0,car,55.0,Moscow,0,18,7.6,0.05,4.9,5.0
98580,2024-07-28 04:10:00,3,6.73,0,scooter,54.20006938556093,Moscow,0,27,-2.9,0.49,15.6,3.0
98581,2025-04-25 03:08:00,3,4.73,0,car,45.85950269980694,SPB,1,10,35.5,4.98,17.7,4.0
98582,2024-01-31 07:01:00,2,6.13,0,scooter,49.49166115263669,Moscow,1,8,9.3,20.23,12.2,5.0
98583,2025-05-17 06:52:00,3,0.75,0,car,55.0,Moscow,1,6,24.1,4.37,19.3,3.0
98584,2024-09-24 17:45:00,3,11.54,0,bike,37.106988143682905,Kazan,0,37,-19.5,7.1,10.2,3.0
98585,2024-05-22 06:08:00,4,2.81,0,car,55.0,Moscow,0,19,27.5,,9.9,4.0
98586,2024-03-01 17:17:00,3,1.86,0,car,55.0,Moscow,1,8,24.7,0.0,2.9,4.0
98587,2025-06-06 14:35:00,2,1.54,0,car,55.0,Moscow,0,19,20.4,0.61,7.9,4.0
98588,2025-06-22 03:12:00,4,4.1,0,car,55.0,SPB,1,5,12.6,2.4,4.4,2.0
98589,2024-10-13 21:16:00,2,5.35,0,car,48.016477908776224,Moscow,0,37,-22.9,5.53,6.3,4.0
98590,2024-01-16 10:18:00,3,0.58,0,car,55.0,Moscow,0,32,4.6,2.09,19.5,5.0
98591,2025-04-13 01:03:00,4,3.91,0,bike,25.996363720780828,SPB,1,13,24.8,4.26,18.5,3.0
98592,2025-04-21 21:40:00,5,4.33,0,car,55.0,Kazan,0,30,21.6,4.08,14.1,2.0
98593,2024-08-21 14:26:00,2,2.28,0,bike,42.8376824131858,Kazan,1,14,-3.5,2.23,17.3,
98594,2025-03-29 13:49:00,2,2.02,0,scooter,44.79372201513367,Moscow,1,6,22.9,4.28,16.5,3.0
98595,2024-01-26 17:38:00,3,6.53,0,scooter,45.66908855409564,Moscow,0,18,7.6,9.2,2.0,4.0
98596,2024-11-05 00:45:00,2,5.4,0,bike,35.82995837477953,Moscow,0,17,-14.2,0.06,2.3,5.0
98597,2024-03-29 07:56:00,4,10.75,0,bike,30.997625676503116,Moscow,0,27,29.8,9.81,11.5,4.0
98598,2024-06-29 01:20:00,5,6.8,1,car,55.0,Moscow,0,39,9.2,0.67,15.3,4.0
98599,2024-04-07 17:42:00,2,3.39,0,car,55.0,Moscow,0,20,27.1,0.62,2.2,
98600,2025-03-12 02:42:00,4,3.04,0,car,55.0,Moscow,0,25,22.2,2.61,12.6,4.0
98601,2024-01-24 15:08:00,3,6.61,1,car,55.0,Moscow,0,36,6.7,10.36,15.9,5.0
98602,2025-03-02 09:28:00,5,3.43,0,car,55.0,Kazan,1,14,13.5,0.03,5.1,2.0
98603,2025-02-21 21:32:00,2,1.66,0,car,55.0,Kazan,0,34,18.0,0.59,18.0,2.0
98604,2025-01-07 20:59:00,2,5.14,0,bike,36.63261474828157,Kazan,0,30,3.0,11.62,20.9,3.0
98605,2024-11-03 19:41:00,3,1.91,1,bike,34.60585913965475,Moscow,0,28,-24.2,1.82,16.6,3.0
98606,2025-06-23 06:24:00,6,3.71,0,scooter,39.091298449230436,Moscow,0,17,11.0,5.44,10.1,5.0
98607,2025-03-12 16:48:00,2,2.04,0,car,55.0,Moscow,0,35,22.2,2.61,12.6,4.0
98608,2024-02-20 11:29:00,4,4.68,0,bike,33.19299505524494,SPB,0,37,9.0,0.77,10.7,3.0
98609,2024-04-25 17:23:00,5,7.17,0,car,55.0,SPB,1,10,30.3,6.51,12.9,4.0
98610,2024-10-19 10:04:00,4,3.36,0,scooter,49.864212869682625,Moscow,1,13,-21.6,5.73,11.3,3.0
98611,2024-11-02 17:17:00,4,4.94,0,scooter,49.49166115263669,SPB,0,20,-19.3,0.6,21.8,2.0
98612,2025-01-12 03:23:00,1,15.49,0,car,55.0,Moscow,0,22,5.6,3.06,,4.0
98613,2024-03-16 09:51:00,1,4.29,0,car,55.0,Kazan,1,12,30.7,8.65,19.1,1.0
98614,2024-06-03 21:03:00,3,3.06,0,car,55.0,Moscow,1,11,19.6,11.21,15.0,4.0
98615,2025-05-15 17:53:00,4,2.33,0,bike,40.60867476452213,Kazan,0,39,27.2,1.57,10.9,2.0
98616,2024-08-22 10:14:00,2,5.52,0,bike,37.22409459253831,SPB,0,16,-15.3,3.61,0.8,4.0
98617,2024-01-10 15:51:00,3,3.45,0,scooter,54.257799958411795,Kazan,1,5,-3.1,0.52,15.7,3.0
98618,2024-02-20 08:55:00,3,1.81,0,bike,33.93675198010838,SPB,0,32,9.0,0.77,10.7,3.0
98619,2024-03-12 22:51:00,1,2.39,0,bike,40.807844015374776,Moscow,1,10,30.4,1.5,5.8,4.0
98620,2024-11-09 13:49:00,5,7.19,0,car,55.0,Moscow,0,39,-22.3,1.2,20.5,3.0
98621,2025-04-27 11:42:00,3,2.11,0,car,55.0,SPB,0,16,25.3,4.74,3.5,2.0
98622,2024-04-07 13:47:00,2,5.72,0,bike,38.3374319784028,SPB,0,37,26.9,0.65,17.0,2.0
98623,2024-06-01 10:57:00,2,0.52,0,bike,30.997625676503116,Moscow,1,7,29.9,6.97,1.7,4.0
98624,2025-03-31 04:14:00,1,1.46,0,car,55.0,SPB,0,33,31.5,1.63,0.2,3.0
98625,2024-04-12 03:15:00,3,2.69,0,bike,35.96575629651888,Moscow,0,17,30.0,1.63,1.0,4.0
98626,2024-05-29 17:20:00,7,2.08,0,car,55.0,SPB,0,16,21.7,8.72,9.3,3.0
98627,2024-09-25 20:02:00,1,2.92,0,bike,36.862403291529105,SPB,1,6,-16.4,20.59,9.8,3.0
98628,2024-03-05 02:19:00,3,2.01,0,bike,38.301186923671516,Moscow,0,17,22.0,4.97,11.1,5.0
98629,2024-12-30 11:01:00,4,5.2,0,scooter,55.0,Kazan,0,34,-6.0,2.19,11.8,2.0
98630,2024-01-03 20:25:00,1,2.44,0,car,41.750137119404535,Kazan,1,9,-2.1,3.04,14.1,2.0
98631,2025-01-08 11:59:00,2,7.77,0,scooter,55.0,SPB,1,10,3.5,10.26,12.2,3.0
98632,2024-05-15 15:40:00,5,2.43,0,scooter,36.42755350070934,Moscow,0,35,20.0,7.02,16.7,4.0
98633,2024-10-04 09:01:00,3,7.36,1,car,55.0,Moscow,1,9,-15.7,4.9,2.9,4.0
98634,2025-06-21 12:49:00,3,10.54,0,car,55.0,Moscow,1,8,6.1,2.76,11.6,3.0
98635,2024-08-07 14:52:00,3,4.73,1,car,55.0,Moscow,1,11,-1.1,12.6,15.6,4.0
98636,2024-02-03 11:09:00,3,4.34,0,scooter,46.49258940217779,SPB,1,7,12.9,10.95,13.1,3.0
98637,2024-08-12 10:42:00,5,9.54,0,bike,38.56610576982384,Moscow,0,39,-3.8,1.8,2.8,4.0
98638,2025-02-22 05:35:00,1,2.85,0,scooter,48.70580908301911,Moscow,0,39,15.5,15.38,5.7,4.0
98639,2025-06-19 09:06:00,6,4.96,0,car,55.0,SPB,0,26,18.1,0.25,12.7,3.0
98640,2025-05-15 15:19:00,4,2.54,0,bike,35.23265629823605,SPB,0,16,16.9,3.16,8.5,4.0
98641,2024-01-13 04:04:00,1,3.15,0,car,55.0,Moscow,0,36,4.3,2.78,15.9,4.0
98642,2024-02-14 10:14:00,5,5.53,0,car,55.0,Moscow,1,9,20.1,8.75,7.3,5.0
98643,2024-11-19 10:26:00,2,1.59,0,car,55.0,Kazan,0,30,-19.5,0.69,8.0,2.0
98644,2024-10-16 16:45:00,4,1.18,1,car,55.0,SPB,1,7,-18.8,5.91,14.2,4.0
98645,2024-04-13 01:20:00,4,3.88,0,bike,32.37325941116156,Moscow,0,25,24.4,3.78,3.8,3.0
98646,2025-01-16 16:58:00,4,5.31,0,bike,35.5218365044405,SPB,0,23,4.6,5.32,6.9,4.0
98647,2024-06-24 04:52:00,2,8.13,0,car,55.0,Moscow,0,30,16.3,0.1,9.6,5.0
98648,2024-05-29 09:47:00,3,0.4,1,bike,42.257796955237886,SPB,0,20,21.7,8.72,9.3,3.0
98649,2024-05-30 01:09:00,2,3.3,0,car,55.0,Moscow,1,14,21.6,1.06,2.5,5.0
98650,2024-09-07 06:44:00,2,2.98,0,bike,42.40735828019987,Moscow,1,5,-11.1,5.21,6.0,3.0
98651,2025-01-03 09:32:00,3,4.67,0,car,55.0,SPB,0,20,-2.1,5.47,21.5,3.0
98652,2024-01-01 23:17:00,1,4.33,0,car,55.0,Moscow,0,39,-1.9,,23.0,4.0
98653,2024-05-26 19:47:00,6,5.53,1,car,55.0,Moscow,1,11,16.9,1.1,1.5,4.0
98654,2024-10-21 03:14:00,1,7.28,0,bike,28.43607271038636,Moscow,1,7,,5.15,14.6,4.0
98655,2024-11-20 11:12:00,3,1.17,0,car,55.0,Moscow,0,17,-11.8,0.58,19.4,4.0
98656,2025-06-29 12:36:00,3,3.31,0,bike,39.395918500296126,SPB,0,16,12.5,1.22,15.9,2.0
98657,2024-04-14 07:45:00,2,3.13,0,scooter,44.50215595557376,Moscow,0,37,33.6,10.69,17.5,
98658,2024-08-27 13:00:00,2,10.67,0,car,55.0,Moscow,1,6,-18.2,0.36,1.7,4.0
98659,2024-07-01 01:40:00,2,2.0,0,car,55.0,Moscow,0,15,7.1,5.84,3.0,4.0
98660,2024-10-15 08:36:00,3,7.0,0,car,55.0,Kazan,1,13,-28.4,2.96,12.9,2.0
98661,2024-11-20 14:13:00,2,2.98,0,car,55.0,Moscow,0,29,-11.8,0.58,19.4,4.0
98662,2024-06-16 23:45:00,5,2.05,1,car,55.0,Moscow,1,10,13.1,3.67,5.0,3.0
98663,2025-03-23 11:11:00,6,4.89,0,car,55.0,Kazan,1,6,18.8,1.48,14.5,1.0
98664,2025-02-25 17:37:00,3,12.62,0,car,55.0,SPB,1,5,27.3,6.63,0.8,3.0
98665,2024-06-16 15:53:00,2,2.88,0,bike,40.807844015374776,SPB,1,8,19.5,1.93,7.4,2.0
98666,2024-08-07 13:28:00,4,7.03,0,car,55.0,SPB,0,38,-2.1,16.21,19.8,3.0
98667,2024-06-05 13:11:00,4,1.85,1,car,55.0,SPB,0,24,21.6,0.37,3.8,3.0
98668,2025-04-12 12:14:00,3,4.17,0,scooter,43.16043291364058,SPB,0,35,27.5,,0.4,3.0
98669,2024-06-11 17:42:00,4,3.87,0,bike,39.430915777080756,Kazan,1,12,11.6,0.61,16.1,2.0
98670,2024-11-25 03:26:00,3,2.16,0,car,55.0,SPB,1,13,-15.4,2.88,2.0,3.0
98671,2024-11-17 08:38:00,6,2.35,0,scooter,43.02736698811714,SPB,1,8,-12.6,18.83,15.8,3.0
98672,2025-01-03 22:52:00,1,13.98,0,bike,40.879308302895126,Moscow,1,10,5.0,4.32,23.0,5.0
98673,2024-09-25 02:23:00,1,3.62,0,bike,39.395918500296126,Moscow,1,11,-12.8,6.16,8.8,4.0
98674,2025-02-21 09:09:00,2,3.66,0,bike,34.78209868887858,Moscow,1,10,25.2,4.43,21.2,4.0
98675,2024-02-03 19:15:00,3,0.56,0,car,55.0,Moscow,1,9,16.7,,13.4,4.0
98676,2025-04-11 03:31:00,4,3.26,0,car,55.0,Kazan,1,5,24.4,4.45,14.1,2.0
98677,2025-06-11 12:52:00,3,3.5,0,scooter,48.70580908301911,SPB,1,5,16.1,10.32,7.2,4.0
98678,2025-01-11 18:13:00,2,1.64,0,bike,38.94927677658439,Moscow,1,10,-4.1,3.57,3.9,4.0
98679,2025-06-09 13:17:00,3,2.07,0,car,55.0,Moscow,1,13,18.0,1.3,13.1,5.0
98680,2024-10-20 18:24:00,3,3.23,0,car,55.0,Kazan,0,30,-27.9,3.0,15.8,2.0
98681,2025-01-17 06:53:00,4,12.94,0,car,55.0,Kazan,1,7,-2.5,3.71,2.6,2.0
98682,2024-03-19 00:14:00,3,4.01,0,car,55.0,Kazan,0,35,20.9,,17.3,3.0
98683,2025-05-11 20:36:00,2,3.63,0,car,55.0,Moscow,1,5,33.0,1.82,6.4,3.0
98684,2024-06-18 10:17:00,5,0.7,0,scooter,48.67284070467812,Moscow,0,35,9.9,0.13,14.8,4.0
98685,2024-04-02 23:42:00,3,3.33,0,scooter,52.33026501083797,SPB,1,10,31.0,5.74,3.8,3.0
98686,2024-07-05 07:11:00,4,1.51,0,car,55.0,Moscow,1,10,15.3,1.0,4.9,5.0
98687,2024-01-16 11:55:00,3,4.01,0,scooter,50.81018222286416,SPB,0,15,5.7,2.37,0.4,3.0
98688,2025-04-01 00:55:00,2,3.02,0,bike,39.395918500296126,SPB,0,23,26.7,13.79,10.9,3.0
98689,2024-09-18 23:04:00,2,9.9,0,bike,37.632500976867355,Kazan,1,8,-21.2,9.61,13.9,2.0
98690,2024-04-16 07:03:00,3,5.46,0,car,55.0,SPB,0,33,29.5,21.08,,3.0
98691,2024-11-16 04:37:00,4,8.11,0,car,55.0,Moscow,0,38,-15.9,2.83,1.6,3.0
98692,2024-02-18 06:32:00,2,2.93,0,car,55.0,Moscow,0,39,16.0,3.1,0.1,4.0
98693,2024-03-17 23:39:00,4,7.61,0,car,55.0,SPB,0,20,22.2,0.34,16.2,2.0
98694,2025-04-19 23:13:00,1,2.84,0,bike,43.31751317140163,Moscow,1,5,34.5,2.27,12.8,3.0
98695,2024-10-28 16:50:00,7,1.49,0,bike,35.5218365044405,Kazan,1,7,-18.4,3.64,1.9,2.0
98696,2024-08-01 16:38:00,1,5.11,0,bike,28.43607271038636,Moscow,0,28,-10.8,5.37,4.0,4.0
98697,2024-04-25 08:08:00,3,3.52,0,car,55.0,SPB,0,20,30.3,6.51,12.9,4.0
98698,2024-01-11 16:31:00,4,3.18,0,scooter,52.32152702875614,Moscow,0,16,6.2,1.27,1.0,4.0
98699,2024-07-01 20:48:00,2,6.48,0,car,55.0,Moscow,0,19,7.1,5.84,3.0,4.0
98700,2025-04-12 08:31:00,2,4.27,0,bike,39.53406196193262,Moscow,0,30,28.7,0.28,13.4,3.0
98701,2024-02-09 07:01:00,2,7.61,0,car,55.0,SPB,0,23,14.1,7.07,19.0,4.0
98702,2024-07-19 15:14:00,2,5.41,0,car,48.016477908776224,Moscow,0,15,-3.9,9.73,9.3,
98703,2024-06-19 21:16:00,1,0.29,0,car,55.0,Moscow,0,27,19.5,9.28,11.6,5.0
98704,2024-05-06 22:25:00,2,1.44,0,scooter,55.0,Moscow,0,39,30.5,2.04,0.3,5.0
98705,2024-10-05 11:00:00,1,13.33,0,car,55.0,Moscow,1,10,-15.3,0.44,0.2,4.0
98706,2024-12-28 22:39:00,3,8.18,0,car,55.0,SPB,0,25,-4.9,5.48,7.9,2.0
98707,2024-08-19 13:43:00,4,2.26,0,bike,31.260861704088715,Moscow,0,16,-8.0,1.95,2.1,4.0
98708,2024-02-02 20:02:00,3,3.25,0,car,55.0,SPB,0,23,9.7,,12.4,3.0
98709,2024-11-19 14:28:00,4,2.28,0,scooter,39.091298449230436,SPB,1,9,-19.2,1.24,14.3,4.0
98710,2024-09-08 20:30:00,2,3.94,0,scooter,45.44612180823244,Kazan,1,11,-13.9,0.08,14.6,1.0
98711,2024-04-07 11:40:00,5,6.51,0,scooter,53.90710727799128,SPB,0,31,26.9,0.65,17.0,2.0
98712,2025-06-29 02:26:00,3,6.77,1,bike,37.32002871481163,Moscow,0,36,17.5,7.29,11.2,3.0
98713,2024-02-03 06:17:00,4,5.48,0,car,55.0,Moscow,0,18,16.7,,13.4,4.0
98714,2024-12-08 03:03:00,2,0.69,0,car,46.1550413594705,Kazan,1,12,-10.4,5.64,7.6,1.0
98715,2025-01-16 09:54:00,3,1.75,0,car,53.93865388999127,Moscow,0,30,7.8,0.38,1.8,5.0
98716,2024-01-02 16:00:00,1,5.88,0,scooter,46.44984473997541,Moscow,0,38,0.3,7.86,18.7,4.0
98717,2024-07-12 19:06:00,5,2.18,0,scooter,49.49166115263669,Moscow,0,39,2.5,2.55,6.7,4.0
98718,2025-04-20 21:39:00,3,2.15,0,car,55.0,Moscow,0,29,37.6,0.5,5.1,3.0
98719,2025-02-26 15:33:00,2,5.94,0,car,55.0,Moscow,1,7,18.1,0.33,0.6,4.0
98720,2025-02-22 12:59:00,2,2.86,0,bike,35.82995837477953,Moscow,1,8,15.5,15.38,5.7,4.0
98721,2025-05-12 04:56:00,6,6.34,1,car,55.0,Moscow,1,14,28.3,3.06,16.2,4.0
98722,2025-01-02 11:48:00,2,10.78,0,car,55.0,SPB,0,31,-3.4,2.17,4.5,3.0
98723,2024-01-20 12:52:00,3,5.71,0,car,55.0,Moscow,0,15,13.7,7.13,19.6,3.0
98724,2025-05-08 01:30:00,2,3.49,0,scooter,46.760053354253095,Moscow,0,16,20.4,1.32,12.7,5.0
98725,2024-10-08 01:05:00,1,2.1,0,scooter,45.13982204557147,Moscow,1,14,-27.8,4.63,3.7,5.0
98726,2024-09-14 03:11:00,3,2.23,0,scooter,46.44408516513773,SPB,0,24,-18.9,1.56,14.6,2.0
98727,2024-09-09 12:12:00,4,0.75,0,bike,42.40735828019987,Moscow,1,13,-9.2,14.15,7.2,5.0
98728,2024-06-07 15:12:00,3,12.77,0,car,55.0,SPB,0,23,20.3,0.91,3.3,4.0
98729,2025-05-09 18:40:00,1,2.54,0,car,55.0,Kazan,0,27,30.1,1.09,0.4,3.0
98730,2024-10-01 20:54:00,3,5.27,0,bike,31.870139968385395,Moscow,0,17,-24.5,0.95,16.3,4.0
98731,2024-03-03 16:25:00,1,0.51,1,bike,36.62098754864886,Kazan,1,5,18.6,0.75,19.6,2.0
98732,2024-11-01 04:15:00,2,3.34,0,bike,38.62838052170366,Kazan,1,7,-19.3,12.92,5.2,2.0
98733,2024-12-23 10:00:00,1,3.32,0,bike,35.716101269659816,Moscow,0,30,-1.7,8.43,13.7,4.0
98734,2024-05-20 23:58:00,3,7.55,0,scooter,45.66908855409564,Moscow,1,11,19.1,0.8,2.2,4.0
98735,2024-11-30 07:05:00,1,1.55,0,bike,37.22409459253831,Moscow,1,9,-11.6,7.42,23.8,4.0
98736,2024-07-02 22:43:00,1,3.99,0,scooter,49.00620380326575,Moscow,0,16,7.2,4.1,2.4,4.0
98737,2024-01-04 05:12:00,2,2.82,0,car,55.0,Moscow,1,5,2.3,7.75,0.6,4.0
98738,2024-09-12 08:26:00,7,6.31,0,car,55.0,Moscow,0,36,-19.0,2.4,12.3,4.0
98739,2024-08-05 00:16:00,2,9.19,1,bike,33.93675198010838,Moscow,0,16,-5.5,0.44,9.9,4.0
98740,2025-01-07 15:28:00,2,1.42,0,bike,35.716101269659816,Moscow,1,8,-2.9,2.15,19.7,4.0
98741,2024-07-02 20:50:00,3,9.63,0,bike,42.191249465282176,Moscow,1,6,7.2,4.1,2.4,4.0
98742,2024-04-05 22:25:00,2,5.64,0,car,55.0,Moscow,0,30,22.9,7.39,3.8,4.0
98743,2024-04-30 13:04:00,1,3.53,0,car,55.0,Moscow,0,31,27.8,1.31,1.9,4.0
98744,2024-01-13 16:02:00,3,7.32,0,car,55.0,Kazan,0,23,-0.8,2.28,6.8,2.0
98745,2024-12-27 11:48:00,5,2.51,0,car,55.0,SPB,0,20,-7.2,13.25,8.5,4.0
98746,2024-02-24 11:32:00,2,1.86,0,car,55.0,Moscow,1,12,23.7,5.17,7.2,3.0
98747,2024-02-18 17:22:00,3,1.56,1,bike,45.195252478472824,SPB,0,21,15.9,2.23,22.0,2.0
98748,2025-06-05 01:52:00,1,3.35,1,car,55.0,Moscow,1,9,22.9,3.04,10.0,5.0
98749,2024-11-14 03:02:00,5,3.11,0,scooter,44.50215595557376,Moscow,1,12,-13.2,2.84,2.7,4.0
98750,2024-12-16 21:55:00,2,4.09,0,car,55.0,Moscow,0,36,-4.9,3.85,1.5,4.0
98751,2025-04-29 06:21:00,3,4.65,0,bike,38.01026765395612,SPB,0,32,35.0,5.56,8.6,4.0
98752,2024-07-31 06:37:00,3,3.64,0,bike,38.07882928487708,SPB,0,33,-4.2,7.31,14.6,3.0
98753,2024-01-26 05:57:00,3,0.68,0,car,55.0,Moscow,0,17,7.6,9.2,2.0,4.0
98754,2024-05-01 20:14:00,5,0.52,0,car,55.0,Moscow,1,8,21.2,1.52,13.0,4.0
98755,2025-02-25 21:47:00,1,4.03,0,car,55.0,Kazan,1,9,17.0,5.4,18.6,3.0
98756,2024-05-27 04:00:00,2,7.75,0,scooter,49.86328877279848,Moscow,1,7,23.2,3.1,6.7,4.0
98757,2025-06-21 03:28:00,3,6.54,0,car,55.0,SPB,0,26,12.6,0.54,16.9,2.0
98758,2025-03-22 08:39:00,3,4.21,0,scooter,53.90710727799128,Kazan,1,10,27.1,0.4,10.6,1.0
98759,2024-07-22 18:28:00,2,2.93,0,car,55.0,Moscow,0,39,3.9,1.06,11.2,4.0
98760,2024-07-25 01:18:00,2,5.65,0,car,55.0,Moscow,0,33,1.8,0.24,4.7,4.0
98761,2025-01-02 13:01:00,5,5.38,0,scooter,52.33026501083797,SPB,1,8,-3.4,2.17,4.5,3.0
98762,2024-09-29 01:42:00,2,6.26,0,bike,38.8266233036702,Kazan,0,34,-26.0,1.26,11.5,1.0
98763,2024-05-18 08:17:00,3,2.08,1,scooter,47.84167767078809,SPB,1,6,22.6,7.93,8.2,2.0
98764,2024-07-02 05:08:00,5,2.04,1,car,55.0,SPB,1,5,7.5,0.27,3.8,4.0
98765,2024-11-05 13:09:00,2,4.72,0,scooter,46.44408516513773,Moscow,1,9,-14.2,0.06,2.3,5.0
98766,2024-03-08 15:20:00,3,2.02,0,bike,40.52713657796784,Kazan,0,21,22.1,0.25,15.3,2.0
98767,2024-10-22 16:33:00,1,1.95,0,car,55.0,SPB,1,8,-26.1,4.74,17.4,3.0
98768,2024-02-15 19:30:00,5,2.26,0,bike,40.879308302895126,SPB,0,15,18.3,3.02,23.5,3.0
98769,2025-06-09 15:42:00,2,6.38,0,car,55.0,Moscow,1,11,18.0,1.3,13.1,5.0
98770,2025-05-02 02:29:00,3,2.81,0,car,55.0,Kazan,0,31,28.1,2.73,12.9,2.0
98771,2025-04-17 02:16:00,5,2.1,0,bike,36.847051198698445,SPB,0,33,26.8,18.26,3.3,3.0
98772,2025-03-03 15:10:00,3,3.63,0,car,55.0,SPB,1,7,26.3,0.63,,3.0
98773,2025-02-28 17:15:00,1,4.65,0,car,55.0,Moscow,1,10,28.4,0.34,1.8,4.0
98774,2025-04-13 01:24:00,3,8.24,0,scooter,51.200599917946555,Kazan,0,35,27.7,,7.5,1.0
98775,2024-12-01 12:23:00,2,7.56,0,car,55.0,Moscow,1,8,-20.1,1.39,10.5,3.0
98776,2024-05-30 11:55:00,3,7.3,0,bike,25.996363720780828,SPB,0,21,17.3,16.31,18.4,3.0
98777,2024-07-18 18:44:00,3,4.33,0,car,55.0,Kazan,0,34,0.2,0.13,3.7,2.0
98778,2024-11-30 02:02:00,1,1.8,0,bike,37.106988143682905,Moscow,0,17,-11.6,7.42,23.8,4.0
98779,2024-04-01 01:43:00,2,4.19,0,bike,40.61012440281896,Moscow,1,13,29.2,7.38,17.4,5.0
98780,2024-07-28 20:13:00,2,0.68,0,bike,37.22409459253831,Kazan,0,18,-6.5,2.71,10.0,1.0
98781,2024-04-10 18:23:00,4,2.07,0,car,55.0,Moscow,1,13,33.1,8.06,1.3,5.0
98782,2024-05-20 11:30:00,3,2.5,0,car,55.0,SPB,0,20,20.9,2.97,10.3,4.0
98783,2024-11-24 15:48:00,2,0.64,0,car,55.0,Kazan,1,6,-24.3,4.27,23.9,2.0
98784,2024-09-16 21:43:00,4,12.63,1,bike,30.444795647135667,SPB,0,29,-18.7,4.42,9.0,3.0
98785,2024-10-18 16:45:00,3,6.25,0,car,55.0,Moscow,1,5,-25.3,1.72,0.0,4.0
98786,2024-12-10 23:32:00,3,1.14,0,bike,36.7621488349067,Moscow,0,27,-10.9,,20.9,5.0
98787,2024-07-02 16:50:00,3,1.03,0,bike,34.302746560329744,SPB,0,16,7.5,0.27,3.8,4.0
98788,2024-08-09 19:59:00,3,3.85,0,car,55.0,Moscow,0,16,0.6,15.35,7.5,4.0
98789,2024-04-22 17:21:00,3,4.75,0,bike,38.8266233036702,Kazan,1,9,29.3,2.52,3.3,2.0
98790,2024-10-12 18:14:00,4,3.1,0,bike,38.07269195618679,Moscow,1,6,-26.4,2.07,17.8,3.0
98791,2025-03-11 07:44:00,4,5.88,0,bike,31.870139968385395,Kazan,0,33,23.7,9.59,3.0,2.0
98792,2024-01-04 15:53:00,3,2.49,0,scooter,42.15405365401788,Kazan,0,32,-5.8,0.42,12.8,2.0
98793,2024-01-31 05:03:00,2,2.56,0,scooter,49.6149146410911,Moscow,0,39,9.3,20.23,12.2,5.0
98794,2025-05-04 11:54:00,3,3.16,0,scooter,50.502841360509194,SPB,0,25,22.9,5.48,8.7,2.0
98795,2024-01-12 01:05:00,4,8.37,0,scooter,46.44408516513773,Kazan,1,14,-3.2,3.85,20.4,2.0
98796,2024-05-11 02:14:00,5,4.17,0,car,55.0,Moscow,1,12,31.6,,1.0,3.0
98797,2025-01-28 21:55:00,4,9.98,0,bike,36.41063141303707,Kazan,0,23,7.6,9.32,20.9,3.0
98798,2024-12-29 16:26:00,4,6.98,0,car,55.0,Moscow,1,12,-6.6,5.86,14.7,3.0
98799,2025-06-05 18:48:00,4,7.64,0,bike,36.7621488349067,Moscow,0,36,22.9,3.04,10.0,5.0
98800,2025-06-06 12:46:00,5,0.41,0,car,55.0,Moscow,0,35,20.4,0.61,7.9,4.0
98801,2025-04-28 08:38:00,3,1.61,1,car,55.0,SPB,0,37,31.6,3.03,15.0,3.0
98802,2024-08-24 01:43:00,2,3.17,0,bike,35.574343203740504,SPB,1,7,-12.7,2.98,9.6,2.0
98803,2024-02-25 20:33:00,3,0.78,0,car,55.0,SPB,0,25,13.7,,11.0,2.0
98804,2024-06-18 12:05:00,3,9.21,1,scooter,55.0,SPB,1,7,15.3,10.26,14.0,3.0
98805,2025-01-02 01:59:00,2,0.27,0,bike,41.76333005471556,Moscow,0,33,-1.6,1.92,6.1,4.0
98806,2024-01-05 11:53:00,1,5.18,1,car,55.0,SPB,0,32,-4.3,1.45,22.8,4.0
98807,2025-02-10 08:43:00,2,6.81,0,car,55.0,Kazan,0,32,17.5,,23.9,3.0
98808,2024-12-01 16:05:00,1,15.38,0,car,55.0,Moscow,0,28,-20.1,1.39,10.5,3.0
98809,2024-02-28 18:27:00,2,0.86,0,bike,37.22409459253831,Moscow,0,15,28.8,2.12,13.6,4.0
98810,2024-03-25 23:15:00,4,7.11,0,car,55.0,Kazan,0,29,28.4,0.54,10.4,3.0
98811,2024-02-10 01:00:00,2,0.73,0,car,51.43065228264467,Moscow,0,27,23.1,0.19,12.7,4.0
98812,2024-03-16 03:04:00,3,6.95,0,car,55.0,SPB,0,39,23.1,6.8,12.2,2.0
98813,2024-09-20 09:26:00,1,6.64,0,car,55.0,Moscow,0,22,-21.6,0.6,7.3,4.0
98814,2025-01-19 14:52:00,2,1.78,0,bike,40.60867476452213,SPB,1,8,5.4,8.93,12.8,2.0
98815,2024-02-15 01:48:00,4,4.5,0,bike,31.893950723490853,Moscow,1,9,16.6,0.81,23.6,5.0
98816,2024-01-25 11:41:00,3,7.46,0,scooter,46.87140935662086,SPB,0,31,2.9,1.86,11.4,3.0
98817,2025-05-22 23:49:00,1,7.84,0,bike,39.11667838566589,SPB,0,36,19.4,8.26,14.9,3.0
98818,2024-03-19 02:10:00,2,3.45,1,scooter,55.0,SPB,0,25,25.9,3.28,1.1,3.0
98819,2025-03-28 17:12:00,5,2.49,0,bike,37.22409459253831,Moscow,1,10,32.3,1.08,10.4,4.0
98820,2024-04-07 15:56:00,2,2.48,0,car,55.0,SPB,0,24,26.9,0.65,17.0,2.0
98821,2024-03-08 02:38:00,3,6.41,0,scooter,45.13982819313042,Moscow,0,21,15.8,0.46,14.1,4.0
98822,2024-12-10 02:33:00,2,4.21,0,car,55.0,SPB,1,8,-12.0,9.31,11.4,4.0
98823,2024-07-20 08:12:00,7,5.92,0,bike,39.99621866158171,Moscow,0,16,2.5,0.56,9.5,3.0
98824,2025-03-10 22:00:00,3,4.81,0,car,55.0,Moscow,0,28,21.3,1.23,9.1,4.0
98825,2024-05-25 20:33:00,1,1.59,0,car,55.0,Kazan,1,9,20.1,0.47,13.2,1.0
98826,2025-03-11 00:49:00,2,5.03,0,bike,36.63261474828157,Kazan,0,24,23.7,9.59,3.0,2.0
98827,2024-12-31 14:00:00,2,4.72,0,car,55.0,SPB,0,25,-5.8,4.78,15.6,3.0
98828,2025-03-23 12:30:00,2,3.35,1,car,55.0,SPB,0,16,28.8,14.93,11.1,2.0
98829,2024-02-15 07:22:00,1,3.53,0,scooter,53.88993581645081,Moscow,0,36,16.6,0.81,23.6,5.0
98830,2024-07-12 04:06:00,2,3.1,0,bike,41.219692330682875,Kazan,1,8,3.7,0.19,4.4,3.0
98831,2024-06-30 20:20:00,1,1.4,0,scooter,45.66908855409564,Moscow,1,9,10.4,5.21,9.2,3.0
98832,2024-08-04 19:11:00,4,1.39,0,scooter,39.262412605512424,Moscow,0,21,-3.5,1.3,13.0,4.0
98833,2025-04-19 07:52:00,4,2.27,1,scooter,53.6365997086488,Moscow,1,10,34.5,2.27,12.8,3.0
98834,2025-03-10 08:34:00,4,9.93,0,car,55.0,SPB,0,16,17.1,0.44,18.5,3.0
98835,2024-03-31 14:44:00,2,1.27,0,bike,39.430915777080756,SPB,1,7,35.6,5.25,18.1,2.0
98836,2025-02-16 03:29:00,1,0.48,1,car,55.0,Kazan,1,6,18.2,0.03,5.5,1.0
98837,2024-12-02 00:19:00,4,9.43,0,bike,34.88035136798393,Moscow,0,16,-17.3,4.6,5.0,4.0
98838,2024-10-29 03:54:00,4,1.88,0,car,55.0,Kazan,0,18,-21.5,1.02,13.7,2.0
98839,2024-05-11 04:39:00,5,6.7,0,bike,36.862403291529105,Moscow,0,39,31.6,,1.0,3.0
98840,2025-01-25 12:03:00,3,7.52,0,car,55.0,SPB,1,12,10.3,2.32,1.4,3.0
98841,2024-02-02 14:17:00,3,13.49,0,scooter,55.0,Moscow,0,35,6.7,6.61,8.7,4.0
98842,2024-04-02 12:52:00,1,0.51,0,car,55.0,Kazan,0,17,19.8,10.24,18.5,2.0
98843,2024-08-04 01:08:00,4,7.49,0,car,55.0,SPB,0,31,-3.3,3.94,16.1,2.0
98844,2024-09-27 20:04:00,2,0.79,0,car,55.0,Moscow,0,34,-22.4,1.37,6.9,4.0
98845,2024-01-24 13:56:00,1,3.41,0,car,55.0,Moscow,0,35,6.7,10.36,15.9,5.0
98846,2024-05-11 16:02:00,3,10.16,0,scooter,50.660526107716386,Moscow,0,39,31.6,,1.0,3.0
98847,2024-04-21 07:08:00,5,4.76,0,bike,40.58851705937706,SPB,1,5,25.2,0.73,6.6,2.0
98848,2025-04-30 11:42:00,3,4.02,0,scooter,53.06435092865217,Moscow,0,16,23.0,4.66,18.3,4.0
98849,2025-03-13 21:41:00,3,1.43,1,car,55.0,Moscow,0,37,31.1,1.63,7.1,4.0
98850,2024-03-02 08:19:00,2,5.72,0,bike,36.63261474828157,SPB,0,28,19.5,0.66,13.7,2.0
98851,2024-12-22 13:45:00,4,11.26,0,car,55.0,SPB,0,21,-9.2,2.45,13.8,2.0
98852,2024-04-28 01:04:00,3,2.36,0,car,53.93865388999127,Moscow,1,11,28.8,0.97,8.6,3.0
98853,2024-03-02 05:48:00,2,6.32,0,car,55.0,Moscow,0,38,21.4,1.26,9.8,3.0
98854,2024-08-08 11:15:00,4,1.86,0,scooter,40.78423204435535,Moscow,0,21,-9.0,9.22,18.4,5.0
98855,2024-09-21 16:13:00,2,0.33,0,car,55.0,SPB,1,7,-24.0,0.54,11.9,2.0
98856,2024-05-04 18:11:00,2,1.64,0,scooter,52.991687044958624,SPB,1,8,19.8,1.27,1.1,3.0
98857,2025-05-01 14:58:00,3,2.85,0,car,55.0,Kazan,0,19,25.8,16.34,19.8,3.0
98858,2024-11-11 15:31:00,5,5.87,0,bike,34.44266775511231,Kazan,1,5,-24.9,4.88,7.9,3.0
98859,2024-06-25 08:54:00,4,16.12,0,scooter,48.34342395184287,Kazan,0,19,12.6,2.59,17.3,3.0
98860,2025-03-27 09:44:00,3,3.31,0,car,55.0,Moscow,0,30,25.5,3.79,18.4,4.0
98861,2024-11-15 23:58:00,3,1.65,0,scooter,44.79372201513367,SPB,0,29,-19.8,1.57,10.9,4.0
98862,2025-02-03 23:55:00,4,4.1,0,car,55.0,SPB,0,15,8.5,4.96,14.8,3.0
98863,2025-06-19 00:27:00,1,1.28,0,scooter,45.13982204557147,Moscow,0,16,15.7,2.16,14.5,4.0
98864,2025-01-26 08:53:00,5,8.38,0,bike,40.142580832377945,Kazan,0,30,10.7,0.24,6.3,2.0
98865,2024-06-29 08:00:00,2,1.75,0,car,55.0,SPB,1,10,6.4,5.0,2.9,2.0
98866,2024-10-19 10:59:00,3,2.06,0,car,55.0,Moscow,0,20,-21.6,5.73,11.3,3.0
98867,2024-02-21 02:09:00,6,3.11,0,bike,34.302746560329744,Moscow,0,39,17.4,6.61,0.6,4.0
98868,2024-04-20 23:55:00,1,2.37,0,bike,35.76167786475204,Kazan,1,8,22.9,2.01,15.7,1.0
98869,2025-05-16 13:45:00,4,5.4,0,car,55.0,Kazan,1,8,23.2,6.67,5.6,2.0
98870,2024-11-07 14:42:00,3,3.19,0,car,55.0,Moscow,0,18,-18.4,0.76,17.8,5.0
98871,2024-08-12 12:28:00,2,7.89,0,bike,44.833362383592664,Kazan,0,19,-14.3,2.79,6.7,2.0
98872,2025-04-19 04:58:00,2,1.64,0,car,55.0,SPB,1,11,24.6,2.28,9.1,2.0
98873,2025-03-13 13:03:00,2,11.74,0,car,55.0,SPB,1,5,20.6,1.27,19.3,3.0
98874,2025-02-28 21:17:00,4,3.91,0,bike,40.804334648574,Moscow,0,35,28.4,0.34,1.8,4.0
98875,2024-02-10 13:04:00,2,3.94,0,car,55.0,Kazan,1,13,12.2,4.86,15.1,1.0
98876,2024-06-16 15:43:00,1,10.42,0,scooter,46.44984473997541,Moscow,0,34,13.1,3.67,5.0,3.0
98877,2024-03-29 11:31:00,2,4.11,0,car,55.0,Kazan,1,8,27.4,8.64,8.2,2.0
98878,2025-01-15 12:06:00,4,3.86,0,car,55.0,Moscow,1,6,-0.5,2.12,16.5,5.0
98879,2024-11-18 02:50:00,3,0.74,0,bike,35.82995837477953,Moscow,0,22,-8.2,0.51,13.3,
98880,2025-02-20 17:02:00,2,1.72,0,bike,36.673060427125655,SPB,0,35,18.5,12.43,12.6,3.0
98881,2025-02-04 17:51:00,1,4.57,0,bike,35.5218365044405,Moscow,1,8,16.0,3.47,17.3,4.0
98882,2024-03-16 03:49:00,2,3.17,0,bike,40.142580832377945,SPB,0,35,23.1,6.8,12.2,2.0
98883,2024-08-27 06:55:00,2,7.49,0,car,55.0,SPB,1,6,-15.6,1.5,19.4,3.0
98884,2025-05-12 09:47:00,2,2.69,0,car,46.1550413594705,Kazan,0,27,22.0,3.09,16.5,2.0
98885,2024-06-21 16:18:00,2,3.32,0,bike,41.76333005471556,Moscow,1,11,15.3,1.06,14.0,4.0
98886,2024-07-05 05:02:00,6,2.05,0,bike,37.21804023678132,Moscow,0,21,15.3,1.0,4.9,5.0
98887,2025-05-04 07:16:00,5,3.91,1,bike,39.11667838566589,SPB,1,5,22.9,5.48,8.7,2.0
98888,2025-06-25 14:47:00,3,3.53,0,car,55.0,Kazan,1,13,19.2,7.63,3.5,2.0
98889,2024-10-24 00:49:00,2,8.55,0,scooter,52.32152702875614,Moscow,1,11,-17.5,9.14,17.4,5.0
98890,2025-06-01 19:42:00,4,2.16,0,scooter,48.34342395184287,Kazan,1,8,23.3,4.35,1.7,1.0
98891,2024-08-02 08:54:00,2,2.95,0,car,55.0,Kazan,0,37,-1.5,0.96,15.3,2.0
98892,2025-05-14 03:38:00,4,4.47,1,bike,39.220014514791444,Moscow,1,5,19.0,0.03,15.5,5.0
98893,2025-04-18 16:29:00,3,1.77,0,car,55.0,Kazan,0,19,27.0,0.28,10.8,3.0
98894,2024-10-27 20:07:00,4,0.64,0,car,55.0,Moscow,1,6,-12.8,3.06,17.2,3.0
98895,2024-03-31 05:57:00,1,3.85,0,car,55.0,Moscow,0,36,29.8,3.04,19.1,3.0
98896,2025-05-05 12:53:00,3,12.24,0,car,55.0,Moscow,1,13,24.0,4.36,1.7,4.0
98897,2025-06-21 02:12:00,2,10.1,0,bike,34.302746560329744,Kazan,0,19,11.1,6.5,8.5,2.0
98898,2024-05-19 10:03:00,7,1.35,0,scooter,36.42755350070934,Moscow,1,8,23.6,12.34,1.4,3.0
98899,2024-02-20 15:39:00,1,5.61,0,bike,43.1943022875045,Moscow,0,39,21.6,0.19,16.3,4.0
98900,2024-01-07 18:23:00,2,0.91,0,scooter,46.760053354253095,Kazan,1,8,-0.6,2.25,14.0,1.0
98901,2024-09-23 02:58:00,1,3.88,0,bike,25.996363720780828,Moscow,1,6,-18.8,2.21,4.7,4.0
98902,2024-12-03 20:36:00,6,4.67,0,scooter,41.41642418784267,Kazan,1,6,-15.2,1.3,15.8,
98903,2024-10-20 06:09:00,2,10.79,0,scooter,50.84117784067927,Kazan,0,32,-27.9,3.0,15.8,2.0
98904,2025-02-16 12:39:00,2,7.55,0,car,55.0,Moscow,1,8,15.1,3.53,6.9,3.0
98905,2025-01-01 03:51:00,5,9.24,1,car,55.0,SPB,1,11,-2.2,6.28,8.0,3.0
98906,2024-08-06 00:28:00,2,5.14,0,car,55.0,Moscow,1,10,-6.6,6.03,2.2,5.0
98907,2024-02-15 09:03:00,2,7.56,0,car,55.0,SPB,1,6,18.3,3.02,23.5,3.0
98908,2025-03-17 02:13:00,4,0.53,0,scooter,47.978038395195696,Moscow,1,11,23.4,0.49,13.2,4.0
98909,2024-03-31 08:10:00,2,3.38,0,car,55.0,SPB,1,12,35.6,5.25,18.1,2.0
98910,2024-08-07 16:40:00,2,1.95,1,car,55.0,Kazan,0,17,-4.4,1.63,13.7,2.0
98911,2024-09-27 20:29:00,1,4.18,0,car,55.0,SPB,1,7,-27.7,9.93,2.1,4.0
98912,2024-03-11 07:44:00,3,0.7,1,bike,40.75594245927035,SPB,0,35,26.6,12.18,11.8,3.0
98913,2025-06-11 02:14:00,3,4.91,1,car,55.0,SPB,0,21,16.1,10.32,7.2,4.0
98914,2024-05-02 12:49:00,1,7.12,0,car,55.0,Moscow,0,27,31.0,20.55,,4.0
98915,2024-01-18 22:28:00,1,2.77,0,scooter,49.864212869682625,Moscow,1,12,6.8,0.16,14.0,4.0
98916,2025-03-06 18:30:00,1,3.21,0,scooter,55.0,Kazan,0,18,20.5,4.47,8.9,2.0
98917,2025-04-21 14:43:00,1,2.46,0,bike,38.07882928487708,SPB,0,23,22.8,29.15,13.1,3.0
98918,2024-03-04 16:45:00,5,5.17,0,car,55.0,SPB,1,11,24.6,12.75,13.2,3.0
98919,2025-05-18 00:25:00,1,1.17,0,car,55.0,Moscow,1,6,25.1,0.34,13.1,3.0
98920,2025-06-18 19:02:00,4,1.77,0,car,55.0,SPB,0,24,15.5,0.91,1.3,3.0
98921,2024-01-24 07:48:00,7,1.7,0,car,55.0,Moscow,0,36,6.7,10.36,15.9,5.0
98922,2024-11-03 08:16:00,1,4.25,0,car,55.0,Moscow,0,18,-24.2,1.82,16.6,3.0
98923,2025-01-25 11:37:00,2,1.73,0,car,55.0,SPB,1,8,10.3,2.32,1.4,3.0
98924,2024-07-23 17:55:00,3,7.39,0,scooter,46.65016744281999,SPB,0,28,-1.8,0.05,8.4,3.0
98925,2025-03-15 07:14:00,3,2.74,0,scooter,49.86328877279848,Moscow,0,33,36.6,0.27,9.7,3.0
98926,2024-06-19 23:53:00,4,0.88,0,bike,33.503041454143556,Moscow,1,5,19.5,9.28,11.6,5.0
98927,2024-10-12 23:12:00,2,3.39,0,bike,40.60867476452213,Moscow,0,36,-26.4,2.07,17.8,3.0
98928,2025-06-22 02:02:00,1,8.28,0,car,55.0,Moscow,1,13,15.7,11.71,18.1,4.0
98929,2025-04-02 17:59:00,3,6.2,0,scooter,50.22988603518088,SPB,0,16,37.0,11.46,9.0,3.0
98930,2024-05-08 19:29:00,3,13.27,0,car,55.0,Moscow,1,5,32.3,1.01,6.2,4.0
98931,2024-03-13 14:34:00,4,6.87,0,car,55.0,Kazan,1,9,18.4,5.35,8.2,2.0
98932,2024-08-15 00:18:00,5,3.61,0,car,55.0,SPB,0,20,-9.8,2.25,3.7,3.0
98933,2024-12-21 14:48:00,3,2.28,0,car,55.0,Moscow,0,39,-1.8,2.61,22.6,3.0
98934,2024-08-12 11:58:00,2,5.59,0,car,55.0,Moscow,1,10,-3.8,1.8,2.8,4.0
98935,2025-03-06 04:51:00,3,5.49,0,bike,45.195252478472824,Moscow,0,30,24.6,1.39,12.9,4.0
98936,2024-03-06 12:06:00,3,3.27,0,car,55.0,Kazan,1,5,26.5,0.66,8.3,2.0
98937,2024-05-06 14:33:00,4,1.88,0,car,55.0,Moscow,1,13,30.5,2.04,0.3,5.0
98938,2024-09-04 16:18:00,1,5.8,1,car,55.0,Moscow,0,17,-18.7,0.55,12.7,5.0
98939,2025-02-22 12:44:00,3,5.08,0,car,55.0,SPB,0,31,18.5,2.83,5.3,2.0
98940,2024-05-29 06:45:00,4,2.13,0,car,48.016477908776224,SPB,1,6,21.7,8.72,9.3,3.0
98941,2025-05-29 11:37:00,2,1.37,0,car,55.0,Moscow,1,5,18.8,0.76,0.0,4.0
98942,2024-10-16 03:54:00,1,2.82,0,scooter,45.66908855409564,SPB,0,24,-18.8,5.91,14.2,4.0
98943,2024-06-23 08:26:00,2,6.7,1,scooter,46.760053354253095,Moscow,0,18,13.3,0.72,2.2,3.0
98944,2025-05-20 13:19:00,1,2.75,0,scooter,48.78408734662869,Moscow,0,30,23.4,0.32,9.7,5.0
98945,2025-05-13 23:43:00,2,9.51,0,bike,38.94927677658439,Moscow,0,17,21.7,0.26,7.7,5.0
98946,2024-03-04 16:33:00,5,2.85,0,bike,38.01026765395612,Moscow,0,16,27.1,3.7,6.9,5.0
98947,2024-03-07 19:59:00,4,5.06,0,car,55.0,SPB,0,20,27.9,6.95,15.0,3.0
98948,2024-08-26 15:05:00,2,2.01,0,bike,40.879308302895126,SPB,0,21,-14.6,14.31,16.6,3.0
98949,2024-12-14 15:37:00,2,8.78,0,bike,36.673060427125655,SPB,1,6,-10.1,4.16,20.5,2.0
98950,2024-10-20 20:29:00,1,2.93,0,car,55.0,Moscow,1,13,-24.1,5.07,14.4,4.0
98951,2024-09-27 15:54:00,1,0.37,0,car,55.0,SPB,0,15,-27.7,9.93,2.1,4.0
98952,2025-03-19 20:31:00,2,4.2,0,scooter,34.01084509779904,Moscow,1,9,32.5,0.92,14.1,4.0
98953,2024-05-06 14:02:00,8,3.71,0,car,55.0,Moscow,1,13,30.5,2.04,0.3,5.0
98954,2025-05-10 06:32:00,5,2.64,0,scooter,49.00620380326575,Moscow,0,16,25.1,6.74,19.2,4.0
98955,2025-05-16 01:21:00,3,3.49,0,car,53.93865388999127,Moscow,1,5,33.2,0.55,6.0,
98956,2024-07-08 03:14:00,2,6.95,0,car,55.0,Moscow,0,24,11.0,2.04,8.2,4.0
98957,2025-02-26 14:09:00,2,3.61,0,scooter,50.81018222286416,Moscow,0,21,18.1,0.33,0.6,4.0
98958,2025-01-25 14:04:00,4,3.97,0,scooter,50.84117784067927,Kazan,0,19,9.5,2.42,1.0,2.0
98959,2024-09-11 06:23:00,2,5.75,0,car,55.0,Kazan,0,32,-24.5,12.02,9.5,2.0
98960,2025-04-16 23:10:00,8,1.66,0,car,55.0,SPB,1,12,30.6,7.26,2.4,3.0
98961,2024-06-30 10:24:00,4,1.04,0,car,55.0,Moscow,0,18,10.4,5.21,9.2,3.0
98962,2025-01-14 19:39:00,3,8.05,0,bike,40.60867476452213,Moscow,1,13,-1.0,2.73,4.5,5.0
98963,2024-01-16 03:37:00,1,3.95,0,car,55.0,Moscow,0,17,4.6,2.09,19.5,5.0
98964,2024-03-11 03:47:00,4,2.11,0,car,55.0,Kazan,0,32,15.7,3.64,11.6,2.0
98965,2024-04-23 07:42:00,2,6.67,0,car,55.0,SPB,1,7,30.8,19.52,9.8,4.0
98966,2024-03-29 22:21:00,2,0.64,0,car,55.0,SPB,0,24,33.8,3.41,12.5,3.0
98967,2025-01-23 22:36:00,4,3.89,0,bike,35.086380143438284,Kazan,1,5,6.2,0.82,16.5,3.0
98968,2025-01-02 05:28:00,1,2.78,0,car,55.0,SPB,1,7,-3.4,2.17,4.5,3.0
98969,2024-05-22 13:48:00,2,10.08,0,car,54.680479951338505,Moscow,1,5,27.5,,9.9,4.0
98970,2024-12-26 08:46:00,2,5.96,0,car,55.0,Kazan,0,23,-3.6,,16.1,2.0
98971,2024-05-14 14:36:00,2,5.46,0,bike,34.21679163845626,Moscow,0,36,30.0,7.82,19.8,4.0
98972,2024-12-09 02:02:00,3,2.39,0,bike,31.260861704088715,Moscow,1,9,-6.0,0.93,22.7,5.0
98973,2024-08-22 21:35:00,4,7.7,0,scooter,34.01084509779904,SPB,0,24,-15.3,3.61,0.8,4.0
98974,2024-11-23 15:38:00,3,3.4,0,bike,43.1943022875045,Kazan,1,5,-25.0,3.85,15.4,1.0
98975,2024-06-02 22:38:00,3,2.32,0,car,55.0,SPB,1,7,22.7,4.92,12.7,2.0
98976,2024-12-30 21:58:00,2,5.95,0,car,55.0,Kazan,0,37,-6.0,2.19,11.8,2.0
98977,2024-03-28 09:25:00,5,2.96,0,car,55.0,SPB,0,36,24.4,2.36,18.7,3.0
98978,2024-04-24 16:11:00,1,5.9,0,bike,38.01026765395612,SPB,0,26,27.2,4.45,7.4,3.0
98979,2024-08-14 17:23:00,4,2.94,0,car,55.0,Kazan,0,32,-14.8,2.51,14.4,2.0
98980,2025-06-07 13:59:00,1,2.05,0,car,55.0,Moscow,0,28,20.1,1.62,0.2,3.0
98981,2024-08-14 13:57:00,2,3.87,0,scooter,55.0,Moscow,0,30,-11.5,2.19,16.1,4.0
98982,2024-11-03 17:57:00,4,9.22,0,car,55.0,SPB,0,23,-24.2,,18.5,2.0
98983,2025-06-05 14:02:00,3,3.96,0,car,55.0,Moscow,1,11,22.9,3.04,10.0,5.0
98984,2024-07-01 18:20:00,2,0.52,0,bike,31.367687591946154,Moscow,0,31,7.1,5.84,3.0,4.0
98985,2025-02-13 15:58:00,5,7.73,0,car,55.0,SPB,1,5,13.3,14.19,0.8,
98986,2024-02-14 09:03:00,2,1.29,0,bike,35.716101269659816,Moscow,1,6,20.1,8.75,7.3,5.0
98987,2024-03-19 04:45:00,2,4.03,0,bike,39.220014514791444,Moscow,0,37,27.4,3.58,17.1,4.0
98988,2024-10-21 03:09:00,1,1.84,0,car,55.0,SPB,0,31,-23.5,2.2,7.4,3.0
98989,2024-07-18 06:13:00,4,3.13,0,scooter,46.0651894724839,SPB,1,9,1.9,11.13,9.3,4.0
98990,2024-04-24 00:47:00,6,8.16,0,car,55.0,SPB,0,24,27.2,4.45,7.4,3.0
98991,2025-05-08 22:50:00,2,3.27,0,car,55.0,Kazan,0,20,27.6,3.7,4.8,2.0
98992,2025-01-27 14:19:00,2,3.95,0,bike,37.21804023678132,Kazan,0,34,2.6,1.72,3.7,2.0
98993,2025-02-06 23:21:00,1,5.31,0,bike,35.96575629651888,Moscow,0,25,18.2,2.01,2.4,4.0
98994,2025-01-26 14:12:00,3,2.89,0,bike,40.142580832377945,SPB,0,20,10.1,2.05,2.5,3.0
98995,2025-03-02 10:44:00,3,2.74,0,scooter,36.42755350070934,Moscow,1,9,16.4,0.44,16.6,4.0
98996,2024-12-07 18:24:00,1,4.28,0,car,46.1550413594705,Moscow,1,8,-10.4,2.23,20.0,3.0
98997,2024-03-26 04:02:00,3,7.06,0,car,55.0,Moscow,1,12,27.1,2.66,1.4,5.0
98998,2025-02-21 09:12:00,4,3.03,0,car,55.0,Moscow,0,18,25.2,4.43,21.2,4.0
98999,2025-01-19 13:46:00,2,1.71,0,car,55.0,SPB,1,5,5.4,8.93,12.8,2.0
99000,2024-05-26 13:51:00,3,10.06,0,scooter,52.378878477670696,Kazan,1,8,26.7,0.47,12.4,1.0
99001,2025-05-11 03:20:00,3,1.86,0,scooter,42.827475829915414,Moscow,0,25,33.0,1.82,6.4,3.0
99002,2024-09-13 09:22:00,3,2.1,0,bike,32.37325941116156,Moscow,1,10,-14.3,1.84,11.7,4.0
99003,2024-12-16 04:38:00,2,2.1,0,car,55.0,SPB,0,29,-10.5,2.8,9.1,3.0
99004,2024-11-19 11:07:00,2,0.6,0,car,55.0,Moscow,0,28,-12.0,21.37,8.4,4.0
99005,2024-04-18 09:59:00,2,0.79,0,car,55.0,Moscow,0,21,33.6,0.33,16.9,4.0
99006,2024-10-21 07:59:00,4,2.4,0,bike,37.22409459253831,Kazan,0,18,-19.7,4.08,3.0,2.0
99007,2024-08-04 02:59:00,2,13.81,0,car,55.0,Kazan,0,33,-6.8,0.34,7.9,2.0
99008,2025-01-17 20:21:00,1,12.44,0,car,55.0,Moscow,1,14,6.4,7.07,5.8,4.0
99009,2024-03-24 22:40:00,3,7.1,1,bike,43.31751317140163,SPB,0,23,31.5,10.94,9.9,2.0
99010,2024-09-19 12:00:00,3,2.57,0,bike,40.142580832377945,SPB,1,11,-16.3,3.28,11.4,3.0
99011,2024-02-26 21:26:00,3,4.35,0,bike,31.367687591946154,Moscow,1,5,20.5,12.45,10.2,4.0
99012,2025-06-10 12:06:00,3,0.43,0,scooter,38.31527511177083,SPB,0,35,18.5,1.18,15.2,3.0
99013,2025-04-18 19:36:00,2,6.62,1,bike,38.8266233036702,Moscow,0,34,37.4,1.49,0.7,4.0
