restaurant_city,hour,dayofweek,traffic_level_mode
Kazan,0,0,2.0
Kazan,0,1,2.0
Kazan,0,2,2.0
Kazan,0,3,2.0
Kazan,0,4,2.0
Kazan,0,5,1.0
Kazan,0,6,1.0
Kazan,1,0,2.0
Kazan,1,1,2.0
Kazan,1,2,2.0
Kazan,1,3,2.0
Kazan,1,4,2.0
Kazan,1,5,1.0
Kazan,1,6,1.0
Kazan,2,0,2.0
Kazan,2,1,2.0
Kazan,2,2,2.0
Kazan,2,3,2.0
Kazan,2,4,2.0
Kazan,2,5,1.0
Kazan,2,6,1.0
Kazan,3,0,2.0
Kazan,3,1,2.0
Kazan,3,2,2.0
Kazan,3,3,2.0
Kazan,3,4,2.0
Kazan,3,5,1.0
Kazan,3,6,1.0
Kazan,4,0,2.0
Kazan,4,1,2.0
Kazan,4,2,2.0
Kazan,4,3,2.0
Kazan,4,4,2.0
Kazan,4,5,1.0
Kazan,4,6,1.0
Kazan,5,0,2.0
Kazan,5,1,2.0
Kazan,5,2,2.0
Kazan,5,3,2.0
Kazan,5,4,2.0
Kazan,5,5,1.0
Kazan,5,6,1.0
Kazan,6,0,2.0
Kazan,6,1,2.0
Kazan,6,2,2.0
Kazan,6,3,2.0
Kazan,6,4,2.0
Kazan,6,5,1.0
Kazan,6,6,1.0
Kazan,7,0,2.0
Kazan,7,1,2.0
Kazan,7,2,2.0
Kazan,7,3,2.0
Kazan,7,4,2.0
Kazan,7,5,1.0
Kazan,7,6,1.0
Kazan,8,0,2.0
Kazan,8,1,2.0
Kazan,8,2,2.0
Kazan,8,3,2.0
Kazan,8,4,2.0
Kazan,8,5,1.0
Kazan,8,6,1.0
Kazan,9,0,2.0
Kazan,9,1,2.0
Kazan,9,2,2.0
Kazan,9,3,2.0
Kazan,9,4,2.0
Kazan,9,5,1.0
Kazan,9,6,1.0
Kazan,10,0,2.0
Kazan,10,1,2.0
Kazan,10,2,2.0
Kazan,10,3,2.0
Kazan,10,4,2.0
Kazan,10,5,1.0
Kazan,10,6,1.0
Kazan,11,0,2.0
Kazan,11,1,2.0
Kazan,11,2,2.0
Kazan,11,3,2.0
Kazan,11,4,2.0
Kazan,11,5,1.0
Kazan,11,6,1.0
Kazan,12,0,2.0
Kazan,12,1,2.0
Kazan,12,2,2.0
Kazan,12,3,2.0
Kazan,12,4,2.0
Kazan,12,5,1.0
Kazan,12,6,1.0
Kazan,13,0,2.0
Kazan,13,1,2.0
Kazan,13,2,2.0
Kazan,13,3,2.0
Kazan,13,4,2.0
Kazan,13,5,1.0
Kazan,13,6,1.0
Kazan,14,0,2.0
Kazan,14,1,2.0
Kazan,14,2,2.0
Kazan,14,3,2.0
Kazan,14,4,2.0
Kazan,14,5,1.0
Kazan,14,6,1.0
Kazan,15,0,2.0
Kazan,15,1,2.0
Kazan,15,2,2.0
Kazan,15,3,2.0
Kazan,15,4,2.0
Kazan,15,5,1.0
Kazan,15,6,1.0
Kazan,16,0,2.0
Kazan,16,1,2.0
Kazan,16,2,2.0
Kazan,16,3,2.0
Kazan,16,4,2.0
Kazan,16,5,1.0
Kazan,16,6,1.0
Kazan,17,0,2.0
Kazan,17,1,2.0
Kazan,17,2,2.0
Kazan,17,3,2.0
Kazan,17,4,2.0
Kazan,17,5,1.0
Kazan,17,6,1.0
Kazan,18,0,2.0
Kazan,18,1,2.0
Kazan,18,2,2.0
Kazan,18,3,2.0
Kazan,18,4,2.0
Kazan,18,5,1.0
Kazan,18,6,1.0
Kazan,19,0,2.0
Kazan,19,1,2.0
Kazan,19,2,2.0
Kazan,19,3,2.0
Kazan,19,4,2.0
Kazan,19,5,1.0
Kazan,19,6,1.0
Kazan,20,0,2.0
Kazan,20,1,2.0
Kazan,20,2,2.0
Kazan,20,3,2.0
Kazan,20,4,2.0
Kazan,20,5,1.0
Kazan,20,6,1.0
Kazan,21,0,2.0
Kazan,21,1,2.0
Kazan,21,2,2.0
Kazan,21,3,2.0
Kazan,21,4,2.0
Kazan,21,5,1.0
Kazan,21,6,1.0
Kazan,22,0,2.0
Kazan,22,1,2.0
Kazan,22,2,2.0
Kazan,22,3,2.0
Kazan,22,4,2.0
Kazan,22,5,1.0
Kazan,22,6,1.0
Kazan,23,0,2.0
Kazan,23,1,2.0
Kazan,23,2,2.0
Kazan,23,3,2.0
Kazan,23,4,2.0
Kazan,23,5,1.0
Kazan,23,6,1.0
Moscow,0,0,4.0
Moscow,0,1,4.0
Moscow,0,2,4.0
Moscow,0,3,4.0
Moscow,0,4,4.0
Moscow,0,5,3.0
Moscow,0,6,3.0
Moscow,1,0,4.0
Moscow,1,1,4.0
Moscow,1,2,4.0
Moscow,1,3,4.0
Moscow,1,4,4.0
Moscow,1,5,3.0
Moscow,1,6,3.0
Moscow,2,0,4.0
Moscow,2,1,4.0
Moscow,2,2,4.0
Moscow,2,3,4.0
Moscow,2,4,4.0
Moscow,2,5,3.0
Moscow,2,6,3.0
Moscow,3,0,4.0
Moscow,3,1,4.0
Moscow,3,2,4.0
Moscow,3,3,4.0
Moscow,3,4,4.0
Moscow,3,5,3.0
Moscow,3,6,3.0
Moscow,4,0,4.0
Moscow,4,1,4.0
Moscow,4,2,4.0
Moscow,4,3,4.0
Moscow,4,4,4.0
Moscow,4,5,3.0
Moscow,4,6,3.0
Moscow,5,0,4.0
Moscow,5,1,4.0
Moscow,5,2,4.0
Moscow,5,3,4.0
Moscow,5,4,4.0
Moscow,5,5,3.0
Moscow,5,6,3.0
Moscow,6,0,4.0
Moscow,6,1,4.0
Moscow,6,2,4.0
Moscow,6,3,4.0
Moscow,6,4,4.0
Moscow,6,5,3.0
Moscow,6,6,3.0
Moscow,7,0,4.0
Moscow,7,1,4.0
Moscow,7,2,4.0
Moscow,7,3,4.0
Moscow,7,4,4.0
Moscow,7,5,3.0
Moscow,7,6,3.0
Moscow,8,0,4.0
Moscow,8,1,4.0
Moscow,8,2,4.0
Moscow,8,3,4.0
Moscow,8,4,4.0
Moscow,8,5,3.0
Moscow,8,6,3.0
Moscow,9,0,4.0
Moscow,9,1,4.0
Moscow,9,2,4.0
Moscow,9,3,4.0
Moscow,9,4,4.0
Moscow,9,5,3.0
Moscow,9,6,3.0
Moscow,10,0,4.0
Moscow,10,1,4.0
Moscow,10,2,4.0
Moscow,10,3,4.0
Moscow,10,4,4.0
Moscow,10,5,3.0
Moscow,10,6,3.0
Moscow,11,0,4.0
Moscow,11,1,4.0
Moscow,11,2,4.0
Moscow,11,3,4.0
Moscow,11,4,4.0
Moscow,11,5,3.0
Moscow,11,6,3.0
Moscow,12,0,4.0
Moscow,12,1,4.0
Moscow,12,2,4.0
Moscow,12,3,4.0
Moscow,12,4,4.0
Moscow,12,5,3.0
Moscow,12,6,3.0
Moscow,13,0,4.0
Moscow,13,1,4.0
Moscow,13,2,4.0
Moscow,13,3,4.0
Moscow,13,4,4.0
Moscow,13,5,3.0
Moscow,13,6,3.0
Moscow,14,0,4.0
Moscow,14,1,4.0
Moscow,14,2,4.0
Moscow,14,3,4.0
Moscow,14,4,4.0
Moscow,14,5,3.0
Moscow,14,6,3.0
Moscow,15,0,4.0
Moscow,15,1,4.0
Moscow,15,2,4.0
Moscow,15,3,4.0
Moscow,15,4,4.0
Moscow,15,5,3.0
Moscow,15,6,3.0
Moscow,16,0,4.0
Moscow,16,1,4.0
Moscow,16,2,4.0
Moscow,16,3,4.0
Moscow,16,4,4.0
Moscow,16,5,3.0
Moscow,16,6,3.0
Moscow,17,0,4.0
Moscow,17,1,4.0
Moscow,17,2,4.0
Moscow,17,3,4.0
Moscow,17,4,4.0
Moscow,17,5,3.0
Moscow,17,6,3.0
Moscow,18,0,4.0
Moscow,18,1,4.0
Moscow,18,2,4.0
Moscow,18,3,4.0
Moscow,18,4,4.0
Moscow,18,5,3.0
Moscow,18,6,3.0
Moscow,19,0,4.0
Moscow,19,1,4.0
Moscow,19,2,4.0
Moscow,19,3,4.0
Moscow,19,4,4.0
Moscow,19,5,3.0
Moscow,19,6,3.0
Moscow,20,0,4.0
Moscow,20,1,4.0
Moscow,20,2,4.0
Moscow,20,3,4.0
Moscow,20,4,4.0
Moscow,20,5,3.0
Moscow,20,6,3.0
Moscow,21,0,4.0
Moscow,21,1,4.0
Moscow,21,2,4.0
Moscow,21,3,4.0
Moscow,21,4,4.0
Moscow,21,5,3.0
Moscow,21,6,3.0
Moscow,22,0,4.0
Moscow,22,1,4.0
Moscow,22,2,4.0
Moscow,22,3,4.0
Moscow,22,4,4.0
Moscow,22,5,3.0
Moscow,22,6,3.0
Moscow,23,0,4.0
Moscow,23,1,4.0
Moscow,23,2,4.0
Moscow,23,3,4.0
Moscow,23,4,4.0
Moscow,23,5,3.0
Moscow,23,6,3.0
SPB,0,0,3.0
SPB,0,1,3.0
SPB,0,2,3.0
SPB,0,3,3.0
SPB,0,4,3.0
SPB,0,5,2.0
SPB,0,6,2.0
SPB,1,0,3.0
SPB,1,1,3.0
SPB,1,2,3.0
SPB,1,3,3.0
SPB,1,4,3.0
SPB,1,5,2.0
SPB,1,6,2.0
SPB,2,0,3.0
SPB,2,1,3.0
SPB,2,2,3.0
SPB,2,3,3.0
SPB,2,4,3.0
SPB,2,5,2.0
SPB,2,6,2.0
SPB,3,0,3.0
SPB,3,1,3.0
SPB,3,2,3.0
SPB,3,3,3.0
SPB,3,4,3.0
SPB,3,5,2.0
SPB,3,6,2.0
SPB,4,0,3.0
SPB,4,1,3.0
SPB,4,2,3.0
SPB,4,3,3.0
SPB,4,4,3.0
SPB,4,5,2.0
SPB,4,6,2.0
SPB,5,0,3.0
SPB,5,1,3.0
SPB,5,2,3.0
SPB,5,3,3.0
SPB,5,4,3.0
SPB,5,5,2.0
SPB,5,6,2.0
SPB,6,0,3.0
SPB,6,1,3.0
SPB,6,2,3.0
SPB,6,3,3.0
SPB,6,4,3.0
SPB,6,5,2.0
SPB,6,6,2.0
SPB,7,0,3.0
SPB,7,1,3.0
SPB,7,2,3.0
SPB,7,3,3.0
SPB,7,4,3.0
SPB,7,5,2.0
SPB,7,6,2.0
SPB,8,0,3.0
SPB,8,1,3.0
SPB,8,2,3.0
SPB,8,3,3.0
SPB,8,4,3.0
SPB,8,5,2.0
SPB,8,6,2.0
SPB,9,0,3.0
SPB,9,1,3.0
SPB,9,2,3.0
SPB,9,3,3.0
SPB,9,4,3.0
SPB,9,5,2.0
SPB,9,6,2.0
SPB,10,0,3.0
SPB,10,1,3.0
SPB,10,2,3.0
SPB,10,3,3.0
SPB,10,4,3.0
SPB,10,5,2.0
SPB,10,6,2.0
SPB,11,0,3.0
SPB,11,1,3.0
SPB,11,2,3.0
SPB,11,3,3.0
SPB,11,4,3.0
SPB,11,5,2.0
SPB,11,6,2.0
SPB,12,0,3.0
SPB,12,1,3.0
SPB,12,2,3.0
SPB,12,3,3.0
SPB,12,4,3.0
SPB,12,5,2.0
SPB,12,6,2.0
SPB,13,0,3.0
SPB,13,1,3.0
SPB,13,2,3.0
SPB,13,3,3.0
SPB,13,4,3.0
SPB,13,5,2.0
SPB,13,6,2.0
SPB,14,0,3.0
SPB,14,1,3.0
SPB,14,2,3.0
SPB,14,3,3.0
SPB,14,4,3.0
SPB,14,5,2.0
SPB,14,6,2.0
SPB,15,0,3.0
SPB,15,1,3.0
SPB,15,2,3.0
SPB,15,3,3.0
SPB,15,4,3.0
SPB,15,5,2.0
SPB,15,6,2.0
SPB,16,0,3.0
SPB,16,1,3.0
SPB,16,2,3.0
SPB,16,3,3.0
SPB,16,4,3.0
SPB,16,5,2.0
SPB,16,6,2.0
SPB,17,0,3.0
SPB,17,1,3.0
SPB,17,2,3.0
SPB,17,3,3.0
SPB,17,4,3.0
SPB,17,5,2.0
SPB,17,6,2.0
SPB,18,0,3.0
SPB,18,1,3.0
SPB,18,2,3.0
SPB,18,3,3.0
SPB,18,4,3.0
SPB,18,5,2.0
SPB,18,6,2.0
SPB,19,0,3.0
SPB,19,1,3.0
SPB,19,2,3.0
SPB,19,3,3.0
SPB,19,4,3.0
SPB,19,5,2.0
SPB,19,6,2.0
SPB,20,0,3.0
SPB,20,1,3.0
SPB,20,2,3.0
SPB,20,3,3.0
SPB,20,4,3.0
SPB,20,5,2.0
SPB,20,6,2.0
SPB,21,0,3.0
SPB,21,1,3.0
SPB,21,2,3.0
SPB,21,3,3.0
SPB,21,4,3.0
SPB,21,5,2.0
SPB,21,6,2.0
SPB,22,0,3.0
SPB,22,1,3.0
SPB,22,2,3.0
SPB,22,3,3.0
SPB,22,4,3.0
SPB,22,5,2.0
SPB,22,6,2.0
SPB,23,0,3.0
SPB,23,1,3.0
SPB,23,2,3.0
SPB,23,3,3.0
SPB,23,4,3.0
SPB,23,5,2.0
SPB,23,6,2.0
